37,-16,i6WmHnxNmbTGi7CmKtG1ih5xRp8=,YsojtCFMjNB2G/SxmfS+OsBPQkI=
37,-15,i6WmHnxNmbTGi7CmKtG1ih5xRp8=,YsojtCFMjNB2G/SxmfS+OsBPQkI=
36,-15,i6WmHnxNmbTGi7CmKtG1ih5xRp8=,YsojtCFMjNB2G/SxmfS+OsBPQkI=
47,-1,i6WmHnxNmbTGi7CmKtG1ih5xRp8=,YsojtCFMjNB2G/SxmfS+OsBPQkI=
46,-1,i6WmHnxNmbTGi7CmKtG1ih5xRp8=,YsojtCFMjNB2G/SxmfS+OsBPQkI=
45,-1,i6WmHnxNmbTGi7CmKtG1ih5xRp8=,YsojtCFMjNB2G/SxmfS+OsBPQkI=
33,-16,i6WmHnxNmbTGi7CmKtG1ih5xRp8=,YsojtCFMjNB2G/SxmfS+OsBPQkI=
39,-13,i6WmHnxNmbTGi7CmKtG1ih5xRp8=,YsojtCFMjNB2G/SxmfS+OsBPQkI=
38,-13,i6WmHnxNmbTGi7CmKtG1ih5xRp8=,YsojtCFMjNB2G/SxmfS+OsBPQkI=
36,-14,i6WmHnxNmbTGi7CmKtG1ih5xRp8=,YsojtCFMjNB2G/SxmfS+OsBPQkI=
44,-1,i6WmHnxNmbTGi7CmKtG1ih5xRp8=,YsojtCFMjNB2G/SxmfS+OsBPQkI=
37,-14,i6WmHnxNmbTGi7CmKtG1ih5xRp8=,YsojtCFMjNB2G/SxmfS+OsBPQkI=
35,-13,i6WmHnxNmbTGi7CmKtG1ih5xRp8=,YsojtCFMjNB2G/SxmfS+OsBPQkI=
43,-1,i6WmHnxNmbTGi7CmKtG1ih5xRp8=,YsojtCFMjNB2G/SxmfS+OsBPQkI=
36,-13,i6WmHnxNmbTGi7CmKtG1ih5xRp8=,YsojtCFMjNB2G/SxmfS+OsBPQkI=
39,-1,i6WmHnxNmbTGi7CmKtG1ih5xRp8=,YsojtCFMjNB2G/SxmfS+OsBPQkI=
42,-1,i6WmHnxNmbTGi7CmKtG1ih5xRp8=,YsojtCFMjNB2G/SxmfS+OsBPQkI=
40,-1,i6WmHnxNmbTGi7CmKtG1ih5xRp8=,YsojtCFMjNB2G/SxmfS+OsBPQkI=
35,-15,i6WmHnxNmbTGi7CmKtG1ih5xRp8=,YsojtCFMjNB2G/SxmfS+OsBPQkI=
38,-1,i6WmHnxNmbTGi7CmKtG1ih5xRp8=,YsojtCFMjNB2G/SxmfS+OsBPQkI=
32,-1,i6WmHnxNmbTGi7CmKtG1ih5xRp8=,YsojtCFMjNB2G/SxmfS+OsBPQkI=
47,-2,i6WmHnxNmbTGi7CmKtG1ih5xRp8=,YsojtCFMjNB2G/SxmfS+OsBPQkI=
46,-2,i6WmHnxNmbTGi7CmKtG1ih5xRp8=,YsojtCFMjNB2G/SxmfS+OsBPQkI=
40,-13,i6WmHnxNmbTGi7CmKtG1ih5xRp8=,YsojtCFMjNB2G/SxmfS+OsBPQkI=
33,-1,i6WmHnxNmbTGi7CmKtG1ih5xRp8=,YsojtCFMjNB2G/SxmfS+OsBPQkI=
36,-16,i6WmHnxNmbTGi7CmKtG1ih5xRp8=,YsojtCFMjNB2G/SxmfS+OsBPQkI=
37,-13,i6WmHnxNmbTGi7CmKtG1ih5xRp8=,YsojtCFMjNB2G/SxmfS+OsBPQkI=
34,-13,i6WmHnxNmbTGi7CmKtG1ih5xRp8=,YsojtCFMjNB2G/SxmfS+OsBPQkI=
34,-14,i6WmHnxNmbTGi7CmKtG1ih5xRp8=,YsojtCFMjNB2G/SxmfS+OsBPQkI=
41,-1,i6WmHnxNmbTGi7CmKtG1ih5xRp8=,YsojtCFMjNB2G/SxmfS+OsBPQkI=
38,-14,i6WmHnxNmbTGi7CmKtG1ih5xRp8=,YsojtCFMjNB2G/SxmfS+OsBPQkI=
35,-14,i6WmHnxNmbTGi7CmKtG1ih5xRp8=,YsojtCFMjNB2G/SxmfS+OsBPQkI=
35,-1,i6WmHnxNmbTGi7CmKtG1ih5xRp8=,YsojtCFMjNB2G/SxmfS+OsBPQkI=
41,-13,i6WmHnxNmbTGi7CmKtG1ih5xRp8=,YsojtCFMjNB2G/SxmfS+OsBPQkI=
35,-16,i6WmHnxNmbTGi7CmKtG1ih5xRp8=,YsojtCFMjNB2G/SxmfS+OsBPQkI=
45,-2,i6WmHnxNmbTGi7CmKtG1ih5xRp8=,YsojtCFMjNB2G/SxmfS+OsBPQkI=
36,-1,i6WmHnxNmbTGi7CmKtG1ih5xRp8=,YsojtCFMjNB2G/SxmfS+OsBPQkI=
44,-2,i6WmHnxNmbTGi7CmKtG1ih5xRp8=,YsojtCFMjNB2G/SxmfS+OsBPQkI=
43,-2,i6WmHnxNmbTGi7CmKtG1ih5xRp8=,YsojtCFMjNB2G/SxmfS+OsBPQkI=
34,-1,i6WmHnxNmbTGi7CmKtG1ih5xRp8=,YsojtCFMjNB2G/SxmfS+OsBPQkI=
42,-13,i6WmHnxNmbTGi7CmKtG1ih5xRp8=,YsojtCFMjNB2G/SxmfS+OsBPQkI=
42,-2,i6WmHnxNmbTGi7CmKtG1ih5xRp8=,YsojtCFMjNB2G/SxmfS+OsBPQkI=
39,-2,i6WmHnxNmbTGi7CmKtG1ih5xRp8=,YsojtCFMjNB2G/SxmfS+OsBPQkI=
43,-13,i6WmHnxNmbTGi7CmKtG1ih5xRp8=,YsojtCFMjNB2G/SxmfS+OsBPQkI=
41,-2,i6WmHnxNmbTGi7CmKtG1ih5xRp8=,YsojtCFMjNB2G/SxmfS+OsBPQkI=
40,-2,i6WmHnxNmbTGi7CmKtG1ih5xRp8=,YsojtCFMjNB2G/SxmfS+OsBPQkI=
33,-2,i6WmHnxNmbTGi7CmKtG1ih5xRp8=,YsojtCFMjNB2G/SxmfS+OsBPQkI=
34,-2,i6WmHnxNmbTGi7CmKtG1ih5xRp8=,YsojtCFMjNB2G/SxmfS+OsBPQkI=
32,-2,i6WmHnxNmbTGi7CmKtG1ih5xRp8=,YsojtCFMjNB2G/SxmfS+OsBPQkI=
37,-1,i6WmHnxNmbTGi7CmKtG1ih5xRp8=,YsojtCFMjNB2G/SxmfS+OsBPQkI=
47,-3,i6WmHnxNmbTGi7CmKtG1ih5xRp8=,YsojtCFMjNB2G/SxmfS+OsBPQkI=
38,-2,i6WmHnxNmbTGi7CmKtG1ih5xRp8=,YsojtCFMjNB2G/SxmfS+OsBPQkI=
44,-13,i6WmHnxNmbTGi7CmKtG1ih5xRp8=,YsojtCFMjNB2G/SxmfS+OsBPQkI=
46,-3,i6WmHnxNmbTGi7CmKtG1ih5xRp8=,YsojtCFMjNB2G/SxmfS+OsBPQkI=
33,-13,i6WmHnxNmbTGi7CmKtG1ih5xRp8=,YsojtCFMjNB2G/SxmfS+OsBPQkI=
33,-14,i6WmHnxNmbTGi7CmKtG1ih5xRp8=,YsojtCFMjNB2G/SxmfS+OsBPQkI=
34,-15,i6WmHnxNmbTGi7CmKtG1ih5xRp8=,YsojtCFMjNB2G/SxmfS+OsBPQkI=
45,-3,i6WmHnxNmbTGi7CmKtG1ih5xRp8=,YsojtCFMjNB2G/SxmfS+OsBPQkI=
35,-2,i6WmHnxNmbTGi7CmKtG1ih5xRp8=,YsojtCFMjNB2G/SxmfS+OsBPQkI=
42,-3,i6WmHnxNmbTGi7CmKtG1ih5xRp8=,YsojtCFMjNB2G/SxmfS+OsBPQkI=
41,-3,i6WmHnxNmbTGi7CmKtG1ih5xRp8=,YsojtCFMjNB2G/SxmfS+OsBPQkI=
45,-13,i6WmHnxNmbTGi7CmKtG1ih5xRp8=,YsojtCFMjNB2G/SxmfS+OsBPQkI=
44,-3,i6WmHnxNmbTGi7CmKtG1ih5xRp8=,YsojtCFMjNB2G/SxmfS+OsBPQkI=
43,-3,i6WmHnxNmbTGi7CmKtG1ih5xRp8=,YsojtCFMjNB2G/SxmfS+OsBPQkI=
39,-3,i6WmHnxNmbTGi7CmKtG1ih5xRp8=,YsojtCFMjNB2G/SxmfS+OsBPQkI=
40,-3,i6WmHnxNmbTGi7CmKtG1ih5xRp8=,YsojtCFMjNB2G/SxmfS+OsBPQkI=
46,-13,i6WmHnxNmbTGi7CmKtG1ih5xRp8=,YsojtCFMjNB2G/SxmfS+OsBPQkI=
47,-13,i6WmHnxNmbTGi7CmKtG1ih5xRp8=,YsojtCFMjNB2G/SxmfS+OsBPQkI=
39,-14,i6WmHnxNmbTGi7CmKtG1ih5xRp8=,YsojtCFMjNB2G/SxmfS+OsBPQkI=
38,-15,i6WmHnxNmbTGi7CmKtG1ih5xRp8=,YsojtCFMjNB2G/SxmfS+OsBPQkI=
38,-16,i6WmHnxNmbTGi7CmKtG1ih5xRp8=,YsojtCFMjNB2G/SxmfS+OsBPQkI=
35,-3,i6WmHnxNmbTGi7CmKtG1ih5xRp8=,YsojtCFMjNB2G/SxmfS+OsBPQkI=
37,-2,i6WmHnxNmbTGi7CmKtG1ih5xRp8=,YsojtCFMjNB2G/SxmfS+OsBPQkI=
34,-3,i6WmHnxNmbTGi7CmKtG1ih5xRp8=,YsojtCFMjNB2G/SxmfS+OsBPQkI=
32,-3,i6WmHnxNmbTGi7CmKtG1ih5xRp8=,YsojtCFMjNB2G/SxmfS+OsBPQkI=
47,-4,i6WmHnxNmbTGi7CmKtG1ih5xRp8=,YsojtCFMjNB2G/SxmfS+OsBPQkI=
38,-3,i6WmHnxNmbTGi7CmKtG1ih5xRp8=,YsojtCFMjNB2G/SxmfS+OsBPQkI=
46,-4,i6WmHnxNmbTGi7CmKtG1ih5xRp8=,YsojtCFMjNB2G/SxmfS+OsBPQkI=
32,-12,i6WmHnxNmbTGi7CmKtG1ih5xRp8=,YsojtCFMjNB2G/SxmfS+OsBPQkI=
45,-4,i6WmHnxNmbTGi7CmKtG1ih5xRp8=,YsojtCFMjNB2G/SxmfS+OsBPQkI=
36,-2,i6WmHnxNmbTGi7CmKtG1ih5xRp8=,YsojtCFMjNB2G/SxmfS+OsBPQkI=
33,-3,i6WmHnxNmbTGi7CmKtG1ih5xRp8=,YsojtCFMjNB2G/SxmfS+OsBPQkI=
44,-4,i6WmHnxNmbTGi7CmKtG1ih5xRp8=,YsojtCFMjNB2G/SxmfS+OsBPQkI=
32,-14,i6WmHnxNmbTGi7CmKtG1ih5xRp8=,YsojtCFMjNB2G/SxmfS+OsBPQkI=
33,-12,i6WmHnxNmbTGi7CmKtG1ih5xRp8=,YsojtCFMjNB2G/SxmfS+OsBPQkI=
33,-15,i6WmHnxNmbTGi7CmKtG1ih5xRp8=,YsojtCFMjNB2G/SxmfS+OsBPQkI=
43,-4,i6WmHnxNmbTGi7CmKtG1ih5xRp8=,YsojtCFMjNB2G/SxmfS+OsBPQkI=
42,-4,i6WmHnxNmbTGi7CmKtG1ih5xRp8=,YsojtCFMjNB2G/SxmfS+OsBPQkI=
36,-3,i6WmHnxNmbTGi7CmKtG1ih5xRp8=,YsojtCFMjNB2G/SxmfS+OsBPQkI=
34,-12,i6WmHnxNmbTGi7CmKtG1ih5xRp8=,YsojtCFMjNB2G/SxmfS+OsBPQkI=
41,-4,i6WmHnxNmbTGi7CmKtG1ih5xRp8=,YsojtCFMjNB2G/SxmfS+OsBPQkI=
40,-4,i6WmHnxNmbTGi7CmKtG1ih5xRp8=,YsojtCFMjNB2G/SxmfS+OsBPQkI=
37,-3,i6WmHnxNmbTGi7CmKtG1ih5xRp8=,YsojtCFMjNB2G/SxmfS+OsBPQkI=
32,-16,i6WmHnxNmbTGi7CmKtG1ih5xRp8=,YsojtCFMjNB2G/SxmfS+OsBPQkI=
35,-4,i6WmHnxNmbTGi7CmKtG1ih5xRp8=,YsojtCFMjNB2G/SxmfS+OsBPQkI=
35,-12,i6WmHnxNmbTGi7CmKtG1ih5xRp8=,YsojtCFMjNB2G/SxmfS+OsBPQkI=
39,-4,i6WmHnxNmbTGi7CmKtG1ih5xRp8=,YsojtCFMjNB2G/SxmfS+OsBPQkI=
38,-4,i6WmHnxNmbTGi7CmKtG1ih5xRp8=,YsojtCFMjNB2G/SxmfS+OsBPQkI=
36,-4,i6WmHnxNmbTGi7CmKtG1ih5xRp8=,YsojtCFMjNB2G/SxmfS+OsBPQkI=
47,-16,i6WmHnxNmbTGi7CmKtG1ih5xRp8=,YsojtCFMjNB2G/SxmfS+OsBPQkI=
47,-15,i6WmHnxNmbTGi7CmKtG1ih5xRp8=,YsojtCFMjNB2G/SxmfS+OsBPQkI=
46,-16,i6WmHnxNmbTGi7CmKtG1ih5xRp8=,YsojtCFMjNB2G/SxmfS+OsBPQkI=
46,-15,i6WmHnxNmbTGi7CmKtG1ih5xRp8=,YsojtCFMjNB2G/SxmfS+OsBPQkI=
47,-5,i6WmHnxNmbTGi7CmKtG1ih5xRp8=,YsojtCFMjNB2G/SxmfS+OsBPQkI=
46,-5,i6WmHnxNmbTGi7CmKtG1ih5xRp8=,YsojtCFMjNB2G/SxmfS+OsBPQkI=
33,-4,i6WmHnxNmbTGi7CmKtG1ih5xRp8=,YsojtCFMjNB2G/SxmfS+OsBPQkI=
32,-4,i6WmHnxNmbTGi7CmKtG1ih5xRp8=,YsojtCFMjNB2G/SxmfS+OsBPQkI=
37,-4,i6WmHnxNmbTGi7CmKtG1ih5xRp8=,YsojtCFMjNB2G/SxmfS+OsBPQkI=
34,-4,i6WmHnxNmbTGi7CmKtG1ih5xRp8=,YsojtCFMjNB2G/SxmfS+OsBPQkI=
32,-15,i6WmHnxNmbTGi7CmKtG1ih5xRp8=,YsojtCFMjNB2G/SxmfS+OsBPQkI=
45,-5,i6WmHnxNmbTGi7CmKtG1ih5xRp8=,YsojtCFMjNB2G/SxmfS+OsBPQkI=
36,-12,i6WmHnxNmbTGi7CmKtG1ih5xRp8=,YsojtCFMjNB2G/SxmfS+OsBPQkI=
40,-5,i6WmHnxNmbTGi7CmKtG1ih5xRp8=,YsojtCFMjNB2G/SxmfS+OsBPQkI=
44,-5,i6WmHnxNmbTGi7CmKtG1ih5xRp8=,YsojtCFMjNB2G/SxmfS+OsBPQkI=
39,-5,i6WmHnxNmbTGi7CmKtG1ih5xRp8=,YsojtCFMjNB2G/SxmfS+OsBPQkI=
42,-5,i6WmHnxNmbTGi7CmKtG1ih5xRp8=,YsojtCFMjNB2G/SxmfS+OsBPQkI=
43,-5,i6WmHnxNmbTGi7CmKtG1ih5xRp8=,YsojtCFMjNB2G/SxmfS+OsBPQkI=
37,-12,i6WmHnxNmbTGi7CmKtG1ih5xRp8=,YsojtCFMjNB2G/SxmfS+OsBPQkI=
37,-5,Vna2oRzF1mnawtJHZjo3bmen7MY=,YsojtCFMjNB2G/SxmfS+OsBPQkI=
45,-15,Vna2oRzF1mnawtJHZjo3bmen7MY=,YsojtCFMjNB2G/SxmfS+OsBPQkI=
45,-16,Vna2oRzF1mnawtJHZjo3bmen7MY=,YsojtCFMjNB2G/SxmfS+OsBPQkI=
35,-5,Vna2oRzF1mnawtJHZjo3bmen7MY=,YsojtCFMjNB2G/SxmfS+OsBPQkI=
41,-5,Vna2oRzF1mnawtJHZjo3bmen7MY=,YsojtCFMjNB2G/SxmfS+OsBPQkI=
34,-16,Vna2oRzF1mnawtJHZjo3bmen7MY=,YsojtCFMjNB2G/SxmfS+OsBPQkI=
38,-5,iKUHZJcPUSDCS3e33OFoz6uoT20=,YsojtCFMjNB2G/SxmfS+OsBPQkI=
47,-6,iKUHZJcPUSDCS3e33OFoz6uoT20=,YsojtCFMjNB2G/SxmfS+OsBPQkI=
46,-6,iKUHZJcPUSDCS3e33OFoz6uoT20=,YsojtCFMjNB2G/SxmfS+OsBPQkI=
36,-5,iKUHZJcPUSDCS3e33OFoz6uoT20=,YsojtCFMjNB2G/SxmfS+OsBPQkI=
38,-12,iKUHZJcPUSDCS3e33OFoz6uoT20=,YsojtCFMjNB2G/SxmfS+OsBPQkI=
34,-5,iKUHZJcPUSDCS3e33OFoz6uoT20=,YsojtCFMjNB2G/SxmfS+OsBPQkI=
32,-5,iKUHZJcPUSDCS3e33OFoz6uoT20=,YsojtCFMjNB2G/SxmfS+OsBPQkI=
32,-13,iKUHZJcPUSDCS3e33OFoz6uoT20=,YsojtCFMjNB2G/SxmfS+OsBPQkI=
45,-6,iKUHZJcPUSDCS3e33OFoz6uoT20=,YsojtCFMjNB2G/SxmfS+OsBPQkI=
39,-12,iKUHZJcPUSDCS3e33OFoz6uoT20=,YsojtCFMjNB2G/SxmfS+OsBPQkI=
44,-6,iKUHZJcPUSDCS3e33OFoz6uoT20=,YsojtCFMjNB2G/SxmfS+OsBPQkI=
33,-5,iKUHZJcPUSDCS3e33OFoz6uoT20=,YsojtCFMjNB2G/SxmfS+OsBPQkI=
47,-14,iKUHZJcPUSDCS3e33OFoz6uoT20=,YsojtCFMjNB2G/SxmfS+OsBPQkI=
46,-14,iKUHZJcPUSDCS3e33OFoz6uoT20=,YsojtCFMjNB2G/SxmfS+OsBPQkI=
43,-6,iKUHZJcPUSDCS3e33OFoz6uoT20=,YsojtCFMjNB2G/SxmfS+OsBPQkI=
41,-6,iKUHZJcPUSDCS3e33OFoz6uoT20=,YsojtCFMjNB2G/SxmfS+OsBPQkI=
42,-6,iKUHZJcPUSDCS3e33OFoz6uoT20=,YsojtCFMjNB2G/SxmfS+OsBPQkI=
40,-12,iKUHZJcPUSDCS3e33OFoz6uoT20=,YsojtCFMjNB2G/SxmfS+OsBPQkI=
39,-6,iKUHZJcPUSDCS3e33OFoz6uoT20=,YsojtCFMjNB2G/SxmfS+OsBPQkI=
44,-16,iKUHZJcPUSDCS3e33OFoz6uoT20=,YsojtCFMjNB2G/SxmfS+OsBPQkI=
45,-14,iKUHZJcPUSDCS3e33OFoz6uoT20=,YsojtCFMjNB2G/SxmfS+OsBPQkI=
40,-6,iKUHZJcPUSDCS3e33OFoz6uoT20=,YsojtCFMjNB2G/SxmfS+OsBPQkI=
44,-15,iKUHZJcPUSDCS3e33OFoz6uoT20=,YsojtCFMjNB2G/SxmfS+OsBPQkI=
37,-6,iKUHZJcPUSDCS3e33OFoz6uoT20=,YsojtCFMjNB2G/SxmfS+OsBPQkI=
38,-6,iKUHZJcPUSDCS3e33OFoz6uoT20=,YsojtCFMjNB2G/SxmfS+OsBPQkI=
47,-7,iKUHZJcPUSDCS3e33OFoz6uoT20=,YsojtCFMjNB2G/SxmfS+OsBPQkI=
46,-7,iKUHZJcPUSDCS3e33OFoz6uoT20=,YsojtCFMjNB2G/SxmfS+OsBPQkI=
41,-12,iKUHZJcPUSDCS3e33OFoz6uoT20=,YsojtCFMjNB2G/SxmfS+OsBPQkI=
36,-6,iKUHZJcPUSDCS3e33OFoz6uoT20=,YsojtCFMjNB2G/SxmfS+OsBPQkI=
45,-7,iKUHZJcPUSDCS3e33OFoz6uoT20=,YsojtCFMjNB2G/SxmfS+OsBPQkI=
35,-6,iKUHZJcPUSDCS3e33OFoz6uoT20=,YsojtCFMjNB2G/SxmfS+OsBPQkI=
32,-6,iKUHZJcPUSDCS3e33OFoz6uoT20=,YsojtCFMjNB2G/SxmfS+OsBPQkI=
42,-12,iKUHZJcPUSDCS3e33OFoz6uoT20=,YsojtCFMjNB2G/SxmfS+OsBPQkI=
33,-6,iKUHZJcPUSDCS3e33OFoz6uoT20=,YsojtCFMjNB2G/SxmfS+OsBPQkI=
34,-6,iKUHZJcPUSDCS3e33OFoz6uoT20=,YsojtCFMjNB2G/SxmfS+OsBPQkI=
43,-12,iKUHZJcPUSDCS3e33OFoz6uoT20=,YsojtCFMjNB2G/SxmfS+OsBPQkI=
44,-7,iKUHZJcPUSDCS3e33OFoz6uoT20=,YsojtCFMjNB2G/SxmfS+OsBPQkI=
43,-7,iKUHZJcPUSDCS3e33OFoz6uoT20=,YsojtCFMjNB2G/SxmfS+OsBPQkI=
42,-7,iKUHZJcPUSDCS3e33OFoz6uoT20=,YsojtCFMjNB2G/SxmfS+OsBPQkI=
40,-7,iKUHZJcPUSDCS3e33OFoz6uoT20=,YsojtCFMjNB2G/SxmfS+OsBPQkI=
44,-12,iKUHZJcPUSDCS3e33OFoz6uoT20=,YsojtCFMjNB2G/SxmfS+OsBPQkI=
41,-7,iKUHZJcPUSDCS3e33OFoz6uoT20=,YsojtCFMjNB2G/SxmfS+OsBPQkI=
39,-7,iKUHZJcPUSDCS3e33OFoz6uoT20=,YsojtCFMjNB2G/SxmfS+OsBPQkI=
43,-16,iKUHZJcPUSDCS3e33OFoz6uoT20=,YsojtCFMjNB2G/SxmfS+OsBPQkI=
44,-14,iKUHZJcPUSDCS3e33OFoz6uoT20=,YsojtCFMjNB2G/SxmfS+OsBPQkI=
43,-15,iKUHZJcPUSDCS3e33OFoz6uoT20=,YsojtCFMjNB2G/SxmfS+OsBPQkI=
37,-7,iKUHZJcPUSDCS3e33OFoz6uoT20=,YsojtCFMjNB2G/SxmfS+OsBPQkI=
36,-7,iKUHZJcPUSDCS3e33OFoz6uoT20=,YsojtCFMjNB2G/SxmfS+OsBPQkI=
47,-8,iKUHZJcPUSDCS3e33OFoz6uoT20=,YsojtCFMjNB2G/SxmfS+OsBPQkI=
46,-8,iKUHZJcPUSDCS3e33OFoz6uoT20=,YsojtCFMjNB2G/SxmfS+OsBPQkI=
33,-7,iKUHZJcPUSDCS3e33OFoz6uoT20=,YsojtCFMjNB2G/SxmfS+OsBPQkI=
32,-7,iKUHZJcPUSDCS3e33OFoz6uoT20=,YsojtCFMjNB2G/SxmfS+OsBPQkI=
45,-12,iKUHZJcPUSDCS3e33OFoz6uoT20=,YsojtCFMjNB2G/SxmfS+OsBPQkI=
34,-7,iKUHZJcPUSDCS3e33OFoz6uoT20=,YsojtCFMjNB2G/SxmfS+OsBPQkI=
35,-7,iKUHZJcPUSDCS3e33OFoz6uoT20=,YsojtCFMjNB2G/SxmfS+OsBPQkI=
45,-8,iKUHZJcPUSDCS3e33OFoz6uoT20=,YsojtCFMjNB2G/SxmfS+OsBPQkI=
43,-8,iKUHZJcPUSDCS3e33OFoz6uoT20=,YsojtCFMjNB2G/SxmfS+OsBPQkI=
44,-8,iKUHZJcPUSDCS3e33OFoz6uoT20=,YsojtCFMjNB2G/SxmfS+OsBPQkI=
46,-12,iKUHZJcPUSDCS3e33OFoz6uoT20=,YsojtCFMjNB2G/SxmfS+OsBPQkI=
42,-8,iKUHZJcPUSDCS3e33OFoz6uoT20=,YsojtCFMjNB2G/SxmfS+OsBPQkI=
41,-8,iKUHZJcPUSDCS3e33OFoz6uoT20=,YsojtCFMjNB2G/SxmfS+OsBPQkI=
40,-8,iKUHZJcPUSDCS3e33OFoz6uoT20=,YsojtCFMjNB2G/SxmfS+OsBPQkI=
39,-8,iKUHZJcPUSDCS3e33OFoz6uoT20=,YsojtCFMjNB2G/SxmfS+OsBPQkI=
43,-14,iKUHZJcPUSDCS3e33OFoz6uoT20=,YsojtCFMjNB2G/SxmfS+OsBPQkI=
38,-8,iKUHZJcPUSDCS3e33OFoz6uoT20=,YsojtCFMjNB2G/SxmfS+OsBPQkI=
42,-16,iKUHZJcPUSDCS3e33OFoz6uoT20=,YsojtCFMjNB2G/SxmfS+OsBPQkI=
42,-15,iKUHZJcPUSDCS3e33OFoz6uoT20=,YsojtCFMjNB2G/SxmfS+OsBPQkI=
47,-12,iKUHZJcPUSDCS3e33OFoz6uoT20=,YsojtCFMjNB2G/SxmfS+OsBPQkI=
37,-8,iKUHZJcPUSDCS3e33OFoz6uoT20=,YsojtCFMjNB2G/SxmfS+OsBPQkI=
35,-8,iKUHZJcPUSDCS3e33OFoz6uoT20=,YsojtCFMjNB2G/SxmfS+OsBPQkI=
32,-11,iKUHZJcPUSDCS3e33OFoz6uoT20=,YsojtCFMjNB2G/SxmfS+OsBPQkI=
39,-15,iKUHZJcPUSDCS3e33OFoz6uoT20=,YsojtCFMjNB2G/SxmfS+OsBPQkI=
39,-16,iKUHZJcPUSDCS3e33OFoz6uoT20=,YsojtCFMjNB2G/SxmfS+OsBPQkI=
36,-8,iKUHZJcPUSDCS3e33OFoz6uoT20=,YsojtCFMjNB2G/SxmfS+OsBPQkI=
34,-8,iKUHZJcPUSDCS3e33OFoz6uoT20=,YsojtCFMjNB2G/SxmfS+OsBPQkI=
32,-8,iKUHZJcPUSDCS3e33OFoz6uoT20=,YsojtCFMjNB2G/SxmfS+OsBPQkI=
33,-8,iKUHZJcPUSDCS3e33OFoz6uoT20=,YsojtCFMjNB2G/SxmfS+OsBPQkI=
46,-9,iKUHZJcPUSDCS3e33OFoz6uoT20=,YsojtCFMjNB2G/SxmfS+OsBPQkI=
45,-9,iKUHZJcPUSDCS3e33OFoz6uoT20=,YsojtCFMjNB2G/SxmfS+OsBPQkI=
44,-9,iKUHZJcPUSDCS3e33OFoz6uoT20=,YsojtCFMjNB2G/SxmfS+OsBPQkI=
47,-9,iKUHZJcPUSDCS3e33OFoz6uoT20=,YsojtCFMjNB2G/SxmfS+OsBPQkI=
33,-11,iKUHZJcPUSDCS3e33OFoz6uoT20=,YsojtCFMjNB2G/SxmfS+OsBPQkI=
43,-9,iKUHZJcPUSDCS3e33OFoz6uoT20=,YsojtCFMjNB2G/SxmfS+OsBPQkI=
39,-9,iKUHZJcPUSDCS3e33OFoz6uoT20=,YsojtCFMjNB2G/SxmfS+OsBPQkI=
41,-9,iKUHZJcPUSDCS3e33OFoz6uoT20=,YsojtCFMjNB2G/SxmfS+OsBPQkI=
42,-14,iKUHZJcPUSDCS3e33OFoz6uoT20=,YsojtCFMjNB2G/SxmfS+OsBPQkI=
42,-9,iKUHZJcPUSDCS3e33OFoz6uoT20=,YsojtCFMjNB2G/SxmfS+OsBPQkI=
40,-9,iKUHZJcPUSDCS3e33OFoz6uoT20=,YsojtCFMjNB2G/SxmfS+OsBPQkI=
38,-9,iKUHZJcPUSDCS3e33OFoz6uoT20=,YsojtCFMjNB2G/SxmfS+OsBPQkI=
41,-16,iKUHZJcPUSDCS3e33OFoz6uoT20=,YsojtCFMjNB2G/SxmfS+OsBPQkI=
41,-15,iKUHZJcPUSDCS3e33OFoz6uoT20=,YsojtCFMjNB2G/SxmfS+OsBPQkI=
37,-9,iKUHZJcPUSDCS3e33OFoz6uoT20=,YsojtCFMjNB2G/SxmfS+OsBPQkI=
35,-9,iKUHZJcPUSDCS3e33OFoz6uoT20=,YsojtCFMjNB2G/SxmfS+OsBPQkI=
34,-11,iKUHZJcPUSDCS3e33OFoz6uoT20=,YsojtCFMjNB2G/SxmfS+OsBPQkI=
36,-9,iKUHZJcPUSDCS3e33OFoz6uoT20=,YsojtCFMjNB2G/SxmfS+OsBPQkI=
33,-9,iKUHZJcPUSDCS3e33OFoz6uoT20=,YsojtCFMjNB2G/SxmfS+OsBPQkI=
46,-10,iKUHZJcPUSDCS3e33OFoz6uoT20=,YsojtCFMjNB2G/SxmfS+OsBPQkI=
34,-9,iKUHZJcPUSDCS3e33OFoz6uoT20=,YsojtCFMjNB2G/SxmfS+OsBPQkI=
32,-9,iKUHZJcPUSDCS3e33OFoz6uoT20=,YsojtCFMjNB2G/SxmfS+OsBPQkI=
45,-10,iKUHZJcPUSDCS3e33OFoz6uoT20=,YsojtCFMjNB2G/SxmfS+OsBPQkI=
47,-10,iKUHZJcPUSDCS3e33OFoz6uoT20=,YsojtCFMjNB2G/SxmfS+OsBPQkI=
35,-11,iKUHZJcPUSDCS3e33OFoz6uoT20=,YsojtCFMjNB2G/SxmfS+OsBPQkI=
43,-10,iKUHZJcPUSDCS3e33OFoz6uoT20=,YsojtCFMjNB2G/SxmfS+OsBPQkI=
44,-10,iKUHZJcPUSDCS3e33OFoz6uoT20=,YsojtCFMjNB2G/SxmfS+OsBPQkI=
38,-10,iKUHZJcPUSDCS3e33OFoz6uoT20=,YsojtCFMjNB2G/SxmfS+OsBPQkI=
42,-10,iKUHZJcPUSDCS3e33OFoz6uoT20=,YsojtCFMjNB2G/SxmfS+OsBPQkI=
41,-14,iKUHZJcPUSDCS3e33OFoz6uoT20=,YsojtCFMjNB2G/SxmfS+OsBPQkI=
41,-10,iKUHZJcPUSDCS3e33OFoz6uoT20=,YsojtCFMjNB2G/SxmfS+OsBPQkI=
39,-10,iKUHZJcPUSDCS3e33OFoz6uoT20=,YsojtCFMjNB2G/SxmfS+OsBPQkI=
40,-10,iKUHZJcPUSDCS3e33OFoz6uoT20=,YsojtCFMjNB2G/SxmfS+OsBPQkI=
40,-16,iKUHZJcPUSDCS3e33OFoz6uoT20=,YsojtCFMjNB2G/SxmfS+OsBPQkI=
40,-15,iKUHZJcPUSDCS3e33OFoz6uoT20=,YsojtCFMjNB2G/SxmfS+OsBPQkI=
36,-10,iKUHZJcPUSDCS3e33OFoz6uoT20=,YsojtCFMjNB2G/SxmfS+OsBPQkI=
36,-11,iKUHZJcPUSDCS3e33OFoz6uoT20=,YsojtCFMjNB2G/SxmfS+OsBPQkI=
37,-10,iKUHZJcPUSDCS3e33OFoz6uoT20=,YsojtCFMjNB2G/SxmfS+OsBPQkI=
35,-10,iKUHZJcPUSDCS3e33OFoz6uoT20=,YsojtCFMjNB2G/SxmfS+OsBPQkI=
33,-10,iKUHZJcPUSDCS3e33OFoz6uoT20=,YsojtCFMjNB2G/SxmfS+OsBPQkI=
47,-11,iKUHZJcPUSDCS3e33OFoz6uoT20=,YsojtCFMjNB2G/SxmfS+OsBPQkI=
34,-10,iKUHZJcPUSDCS3e33OFoz6uoT20=,YsojtCFMjNB2G/SxmfS+OsBPQkI=
32,-10,iKUHZJcPUSDCS3e33OFoz6uoT20=,YsojtCFMjNB2G/SxmfS+OsBPQkI=
37,-11,iKUHZJcPUSDCS3e33OFoz6uoT20=,YsojtCFMjNB2G/SxmfS+OsBPQkI=
43,-11,iKUHZJcPUSDCS3e33OFoz6uoT20=,YsojtCFMjNB2G/SxmfS+OsBPQkI=
46,-11,iKUHZJcPUSDCS3e33OFoz6uoT20=,YsojtCFMjNB2G/SxmfS+OsBPQkI=
42,-11,iKUHZJcPUSDCS3e33OFoz6uoT20=,YsojtCFMjNB2G/SxmfS+OsBPQkI=
40,-14,iKUHZJcPUSDCS3e33OFoz6uoT20=,YsojtCFMjNB2G/SxmfS+OsBPQkI=
44,-11,iKUHZJcPUSDCS3e33OFoz6uoT20=,YsojtCFMjNB2G/SxmfS+OsBPQkI=
45,-11,iKUHZJcPUSDCS3e33OFoz6uoT20=,YsojtCFMjNB2G/SxmfS+OsBPQkI=
38,-11,iKUHZJcPUSDCS3e33OFoz6uoT20=,YsojtCFMjNB2G/SxmfS+OsBPQkI=
41,-11,iKUHZJcPUSDCS3e33OFoz6uoT20=,YsojtCFMjNB2G/SxmfS+OsBPQkI=
40,-11,iKUHZJcPUSDCS3e33OFoz6uoT20=,YsojtCFMjNB2G/SxmfS+OsBPQkI=
39,-11,iKUHZJcPUSDCS3e33OFoz6uoT20=,YsojtCFMjNB2G/SxmfS+OsBPQkI=
38,-7,iKUHZJcPUSDCS3e33OFoz6uoT20=,YsojtCFMjNB2G/SxmfS+OsBPQkI=
