39,3,mw24uRrsE/tgdEaDB0rKmZLurdw=,YsojtCFMjNB2G/SxmfS+OsBPQkI=
40,3,mw24uRrsE/tgdEaDB0rKmZLurdw=,YsojtCFMjNB2G/SxmfS+OsBPQkI=
41,3,mw24uRrsE/tgdEaDB0rKmZLurdw=,YsojtCFMjNB2G/SxmfS+OsBPQkI=
42,3,mw24uRrsE/tgdEaDB0rKmZLurdw=,YsojtCFMjNB2G/SxmfS+OsBPQkI=
43,3,mw24uRrsE/tgdEaDB0rKmZLurdw=,YsojtCFMjNB2G/SxmfS+OsBPQkI=
44,3,mw24uRrsE/tgdEaDB0rKmZLurdw=,YsojtCFMjNB2G/SxmfS+OsBPQkI=
45,3,mw24uRrsE/tgdEaDB0rKmZLurdw=,YsojtCFMjNB2G/SxmfS+OsBPQkI=
46,3,mw24uRrsE/tgdEaDB0rKmZLurdw=,YsojtCFMjNB2G/SxmfS+OsBPQkI=
32,4,mw24uRrsE/tgdEaDB0rKmZLurdw=,YsojtCFMjNB2G/SxmfS+OsBPQkI=
32,5,mw24uRrsE/tgdEaDB0rKmZLurdw=,YsojtCFMjNB2G/SxmfS+OsBPQkI=
32,6,mw24uRrsE/tgdEaDB0rKmZLurdw=,YsojtCFMjNB2G/SxmfS+OsBPQkI=
32,7,mw24uRrsE/tgdEaDB0rKmZLurdw=,YsojtCFMjNB2G/SxmfS+OsBPQkI=
32,2,mw24uRrsE/tgdEaDB0rKmZLurdw=,YsojtCFMjNB2G/SxmfS+OsBPQkI=
32,3,mw24uRrsE/tgdEaDB0rKmZLurdw=,YsojtCFMjNB2G/SxmfS+OsBPQkI=
32,1,mw24uRrsE/tgdEaDB0rKmZLurdw=,YsojtCFMjNB2G/SxmfS+OsBPQkI=
45,15,mw24uRrsE/tgdEaDB0rKmZLurdw=,YsojtCFMjNB2G/SxmfS+OsBPQkI=
46,15,mw24uRrsE/tgdEaDB0rKmZLurdw=,YsojtCFMjNB2G/SxmfS+OsBPQkI=
47,15,mw24uRrsE/tgdEaDB0rKmZLurdw=,YsojtCFMjNB2G/SxmfS+OsBPQkI=
38,1,mw24uRrsE/tgdEaDB0rKmZLurdw=,YsojtCFMjNB2G/SxmfS+OsBPQkI=
47,3,mw24uRrsE/tgdEaDB0rKmZLurdw=,YsojtCFMjNB2G/SxmfS+OsBPQkI=
39,2,mw24uRrsE/tgdEaDB0rKmZLurdw=,YsojtCFMjNB2G/SxmfS+OsBPQkI=
33,4,mw24uRrsE/tgdEaDB0rKmZLurdw=,YsojtCFMjNB2G/SxmfS+OsBPQkI=
34,4,mw24uRrsE/tgdEaDB0rKmZLurdw=,YsojtCFMjNB2G/SxmfS+OsBPQkI=
35,4,mw24uRrsE/tgdEaDB0rKmZLurdw=,YsojtCFMjNB2G/SxmfS+OsBPQkI=
36,4,mw24uRrsE/tgdEaDB0rKmZLurdw=,YsojtCFMjNB2G/SxmfS+OsBPQkI=
37,4,mw24uRrsE/tgdEaDB0rKmZLurdw=,YsojtCFMjNB2G/SxmfS+OsBPQkI=
38,4,mw24uRrsE/tgdEaDB0rKmZLurdw=,YsojtCFMjNB2G/SxmfS+OsBPQkI=
39,4,mw24uRrsE/tgdEaDB0rKmZLurdw=,YsojtCFMjNB2G/SxmfS+OsBPQkI=
40,4,mw24uRrsE/tgdEaDB0rKmZLurdw=,YsojtCFMjNB2G/SxmfS+OsBPQkI=
41,4,mw24uRrsE/tgdEaDB0rKmZLurdw=,YsojtCFMjNB2G/SxmfS+OsBPQkI=
42,4,mw24uRrsE/tgdEaDB0rKmZLurdw=,YsojtCFMjNB2G/SxmfS+OsBPQkI=
38,0,ZZBLeoGKUE34XDDTgBW2iXSP1WA=,YsojtCFMjNB2G/SxmfS+OsBPQkI=
43,4,ZZBLeoGKUE34XDDTgBW2iXSP1WA=,YsojtCFMjNB2G/SxmfS+OsBPQkI=
44,4,ZZBLeoGKUE34XDDTgBW2iXSP1WA=,YsojtCFMjNB2G/SxmfS+OsBPQkI=
45,4,ZZBLeoGKUE34XDDTgBW2iXSP1WA=,YsojtCFMjNB2G/SxmfS+OsBPQkI=
46,4,ZZBLeoGKUE34XDDTgBW2iXSP1WA=,YsojtCFMjNB2G/SxmfS+OsBPQkI=
47,4,ZZBLeoGKUE34XDDTgBW2iXSP1WA=,YsojtCFMjNB2G/SxmfS+OsBPQkI=
39,1,ZZBLeoGKUE34XDDTgBW2iXSP1WA=,YsojtCFMjNB2G/SxmfS+OsBPQkI=
40,2,ZZBLeoGKUE34XDDTgBW2iXSP1WA=,YsojtCFMjNB2G/SxmfS+OsBPQkI=
33,5,ZZBLeoGKUE34XDDTgBW2iXSP1WA=,YsojtCFMjNB2G/SxmfS+OsBPQkI=
34,5,ZZBLeoGKUE34XDDTgBW2iXSP1WA=,YsojtCFMjNB2G/SxmfS+OsBPQkI=
35,5,ZZBLeoGKUE34XDDTgBW2iXSP1WA=,YsojtCFMjNB2G/SxmfS+OsBPQkI=
36,5,ZZBLeoGKUE34XDDTgBW2iXSP1WA=,YsojtCFMjNB2G/SxmfS+OsBPQkI=
37,5,ZZBLeoGKUE34XDDTgBW2iXSP1WA=,YsojtCFMjNB2G/SxmfS+OsBPQkI=
38,5,ZZBLeoGKUE34XDDTgBW2iXSP1WA=,YsojtCFMjNB2G/SxmfS+OsBPQkI=
39,5,ZZBLeoGKUE34XDDTgBW2iXSP1WA=,YsojtCFMjNB2G/SxmfS+OsBPQkI=
40,5,ZZBLeoGKUE34XDDTgBW2iXSP1WA=,YsojtCFMjNB2G/SxmfS+OsBPQkI=
41,5,ZZBLeoGKUE34XDDTgBW2iXSP1WA=,YsojtCFMjNB2G/SxmfS+OsBPQkI=
42,5,ZZBLeoGKUE34XDDTgBW2iXSP1WA=,YsojtCFMjNB2G/SxmfS+OsBPQkI=
44,5,ZZBLeoGKUE34XDDTgBW2iXSP1WA=,YsojtCFMjNB2G/SxmfS+OsBPQkI=
43,5,ZZBLeoGKUE34XDDTgBW2iXSP1WA=,YsojtCFMjNB2G/SxmfS+OsBPQkI=
45,5,ZZBLeoGKUE34XDDTgBW2iXSP1WA=,YsojtCFMjNB2G/SxmfS+OsBPQkI=
46,5,ZZBLeoGKUE34XDDTgBW2iXSP1WA=,YsojtCFMjNB2G/SxmfS+OsBPQkI=
40,1,ZZBLeoGKUE34XDDTgBW2iXSP1WA=,YsojtCFMjNB2G/SxmfS+OsBPQkI=
47,5,ZZBLeoGKUE34XDDTgBW2iXSP1WA=,YsojtCFMjNB2G/SxmfS+OsBPQkI=
41,2,ZZBLeoGKUE34XDDTgBW2iXSP1WA=,YsojtCFMjNB2G/SxmfS+OsBPQkI=
33,6,ZZBLeoGKUE34XDDTgBW2iXSP1WA=,YsojtCFMjNB2G/SxmfS+OsBPQkI=
34,6,ZZBLeoGKUE34XDDTgBW2iXSP1WA=,YsojtCFMjNB2G/SxmfS+OsBPQkI=
35,6,ZZBLeoGKUE34XDDTgBW2iXSP1WA=,YsojtCFMjNB2G/SxmfS+OsBPQkI=
36,6,ZZBLeoGKUE34XDDTgBW2iXSP1WA=,YsojtCFMjNB2G/SxmfS+OsBPQkI=
37,6,ZZBLeoGKUE34XDDTgBW2iXSP1WA=,YsojtCFMjNB2G/SxmfS+OsBPQkI=
38,6,ZZBLeoGKUE34XDDTgBW2iXSP1WA=,YsojtCFMjNB2G/SxmfS+OsBPQkI=
39,6,ZZBLeoGKUE34XDDTgBW2iXSP1WA=,YsojtCFMjNB2G/SxmfS+OsBPQkI=
40,6,ZZBLeoGKUE34XDDTgBW2iXSP1WA=,YsojtCFMjNB2G/SxmfS+OsBPQkI=
41,6,ZZBLeoGKUE34XDDTgBW2iXSP1WA=,YsojtCFMjNB2G/SxmfS+OsBPQkI=
43,6,ZZBLeoGKUE34XDDTgBW2iXSP1WA=,YsojtCFMjNB2G/SxmfS+OsBPQkI=
42,6,ZZBLeoGKUE34XDDTgBW2iXSP1WA=,YsojtCFMjNB2G/SxmfS+OsBPQkI=
44,6,ZZBLeoGKUE34XDDTgBW2iXSP1WA=,YsojtCFMjNB2G/SxmfS+OsBPQkI=
46,6,ZZBLeoGKUE34XDDTgBW2iXSP1WA=,YsojtCFMjNB2G/SxmfS+OsBPQkI=
45,6,ZZBLeoGKUE34XDDTgBW2iXSP1WA=,YsojtCFMjNB2G/SxmfS+OsBPQkI=
41,1,ZZBLeoGKUE34XDDTgBW2iXSP1WA=,YsojtCFMjNB2G/SxmfS+OsBPQkI=
47,6,ZZBLeoGKUE34XDDTgBW2iXSP1WA=,YsojtCFMjNB2G/SxmfS+OsBPQkI=
42,2,ZZBLeoGKUE34XDDTgBW2iXSP1WA=,YsojtCFMjNB2G/SxmfS+OsBPQkI=
33,7,ZZBLeoGKUE34XDDTgBW2iXSP1WA=,YsojtCFMjNB2G/SxmfS+OsBPQkI=
34,7,ZZBLeoGKUE34XDDTgBW2iXSP1WA=,YsojtCFMjNB2G/SxmfS+OsBPQkI=
35,7,ZZBLeoGKUE34XDDTgBW2iXSP1WA=,YsojtCFMjNB2G/SxmfS+OsBPQkI=
36,7,ZZBLeoGKUE34XDDTgBW2iXSP1WA=,YsojtCFMjNB2G/SxmfS+OsBPQkI=
37,7,ZZBLeoGKUE34XDDTgBW2iXSP1WA=,YsojtCFMjNB2G/SxmfS+OsBPQkI=
38,7,ZZBLeoGKUE34XDDTgBW2iXSP1WA=,YsojtCFMjNB2G/SxmfS+OsBPQkI=
39,7,ZZBLeoGKUE34XDDTgBW2iXSP1WA=,YsojtCFMjNB2G/SxmfS+OsBPQkI=
40,7,ZZBLeoGKUE34XDDTgBW2iXSP1WA=,YsojtCFMjNB2G/SxmfS+OsBPQkI=
41,7,ZZBLeoGKUE34XDDTgBW2iXSP1WA=,YsojtCFMjNB2G/SxmfS+OsBPQkI=
42,7,ZZBLeoGKUE34XDDTgBW2iXSP1WA=,YsojtCFMjNB2G/SxmfS+OsBPQkI=
43,7,ZZBLeoGKUE34XDDTgBW2iXSP1WA=,YsojtCFMjNB2G/SxmfS+OsBPQkI=
44,7,ZZBLeoGKUE34XDDTgBW2iXSP1WA=,YsojtCFMjNB2G/SxmfS+OsBPQkI=
45,7,ZZBLeoGKUE34XDDTgBW2iXSP1WA=,YsojtCFMjNB2G/SxmfS+OsBPQkI=
46,7,ZZBLeoGKUE34XDDTgBW2iXSP1WA=,YsojtCFMjNB2G/SxmfS+OsBPQkI=
42,1,ZZBLeoGKUE34XDDTgBW2iXSP1WA=,YsojtCFMjNB2G/SxmfS+OsBPQkI=
47,7,ZZBLeoGKUE34XDDTgBW2iXSP1WA=,YsojtCFMjNB2G/SxmfS+OsBPQkI=
43,2,ZZBLeoGKUE34XDDTgBW2iXSP1WA=,YsojtCFMjNB2G/SxmfS+OsBPQkI=
34,8,ZZBLeoGKUE34XDDTgBW2iXSP1WA=,YsojtCFMjNB2G/SxmfS+OsBPQkI=
35,8,ZZBLeoGKUE34XDDTgBW2iXSP1WA=,YsojtCFMjNB2G/SxmfS+OsBPQkI=
36,8,ZZBLeoGKUE34XDDTgBW2iXSP1WA=,YsojtCFMjNB2G/SxmfS+OsBPQkI=
37,8,ZZBLeoGKUE34XDDTgBW2iXSP1WA=,YsojtCFMjNB2G/SxmfS+OsBPQkI=
38,8,ZZBLeoGKUE34XDDTgBW2iXSP1WA=,YsojtCFMjNB2G/SxmfS+OsBPQkI=
39,8,ZZBLeoGKUE34XDDTgBW2iXSP1WA=,YsojtCFMjNB2G/SxmfS+OsBPQkI=
40,8,ZZBLeoGKUE34XDDTgBW2iXSP1WA=,YsojtCFMjNB2G/SxmfS+OsBPQkI=
41,8,ZZBLeoGKUE34XDDTgBW2iXSP1WA=,YsojtCFMjNB2G/SxmfS+OsBPQkI=
42,8,ZZBLeoGKUE34XDDTgBW2iXSP1WA=,YsojtCFMjNB2G/SxmfS+OsBPQkI=
43,8,ZZBLeoGKUE34XDDTgBW2iXSP1WA=,YsojtCFMjNB2G/SxmfS+OsBPQkI=
44,8,ZZBLeoGKUE34XDDTgBW2iXSP1WA=,YsojtCFMjNB2G/SxmfS+OsBPQkI=
45,8,ZZBLeoGKUE34XDDTgBW2iXSP1WA=,YsojtCFMjNB2G/SxmfS+OsBPQkI=
46,8,ZZBLeoGKUE34XDDTgBW2iXSP1WA=,YsojtCFMjNB2G/SxmfS+OsBPQkI=
43,1,ZZBLeoGKUE34XDDTgBW2iXSP1WA=,YsojtCFMjNB2G/SxmfS+OsBPQkI=
47,8,ZZBLeoGKUE34XDDTgBW2iXSP1WA=,YsojtCFMjNB2G/SxmfS+OsBPQkI=
44,2,ZZBLeoGKUE34XDDTgBW2iXSP1WA=,YsojtCFMjNB2G/SxmfS+OsBPQkI=
34,9,ZZBLeoGKUE34XDDTgBW2iXSP1WA=,YsojtCFMjNB2G/SxmfS+OsBPQkI=
35,9,ZZBLeoGKUE34XDDTgBW2iXSP1WA=,YsojtCFMjNB2G/SxmfS+OsBPQkI=
36,9,ZZBLeoGKUE34XDDTgBW2iXSP1WA=,YsojtCFMjNB2G/SxmfS+OsBPQkI=
37,9,ZZBLeoGKUE34XDDTgBW2iXSP1WA=,YsojtCFMjNB2G/SxmfS+OsBPQkI=
38,9,ZZBLeoGKUE34XDDTgBW2iXSP1WA=,YsojtCFMjNB2G/SxmfS+OsBPQkI=
39,9,ZZBLeoGKUE34XDDTgBW2iXSP1WA=,YsojtCFMjNB2G/SxmfS+OsBPQkI=
40,9,ZZBLeoGKUE34XDDTgBW2iXSP1WA=,YsojtCFMjNB2G/SxmfS+OsBPQkI=
41,9,ZZBLeoGKUE34XDDTgBW2iXSP1WA=,YsojtCFMjNB2G/SxmfS+OsBPQkI=
42,9,ZZBLeoGKUE34XDDTgBW2iXSP1WA=,YsojtCFMjNB2G/SxmfS+OsBPQkI=
43,9,ZZBLeoGKUE34XDDTgBW2iXSP1WA=,YsojtCFMjNB2G/SxmfS+OsBPQkI=
44,9,ZZBLeoGKUE34XDDTgBW2iXSP1WA=,YsojtCFMjNB2G/SxmfS+OsBPQkI=
45,9,ZZBLeoGKUE34XDDTgBW2iXSP1WA=,YsojtCFMjNB2G/SxmfS+OsBPQkI=
46,9,ZZBLeoGKUE34XDDTgBW2iXSP1WA=,YsojtCFMjNB2G/SxmfS+OsBPQkI=
44,1,ZZBLeoGKUE34XDDTgBW2iXSP1WA=,YsojtCFMjNB2G/SxmfS+OsBPQkI=
47,9,ZZBLeoGKUE34XDDTgBW2iXSP1WA=,YsojtCFMjNB2G/SxmfS+OsBPQkI=
45,2,ZZBLeoGKUE34XDDTgBW2iXSP1WA=,YsojtCFMjNB2G/SxmfS+OsBPQkI=
34,10,ZZBLeoGKUE34XDDTgBW2iXSP1WA=,YsojtCFMjNB2G/SxmfS+OsBPQkI=
35,10,ZZBLeoGKUE34XDDTgBW2iXSP1WA=,YsojtCFMjNB2G/SxmfS+OsBPQkI=
36,10,ZZBLeoGKUE34XDDTgBW2iXSP1WA=,YsojtCFMjNB2G/SxmfS+OsBPQkI=
37,10,ZZBLeoGKUE34XDDTgBW2iXSP1WA=,YsojtCFMjNB2G/SxmfS+OsBPQkI=
38,10,ZZBLeoGKUE34XDDTgBW2iXSP1WA=,YsojtCFMjNB2G/SxmfS+OsBPQkI=
39,10,ZZBLeoGKUE34XDDTgBW2iXSP1WA=,YsojtCFMjNB2G/SxmfS+OsBPQkI=
40,10,ZZBLeoGKUE34XDDTgBW2iXSP1WA=,YsojtCFMjNB2G/SxmfS+OsBPQkI=
41,10,ZZBLeoGKUE34XDDTgBW2iXSP1WA=,YsojtCFMjNB2G/SxmfS+OsBPQkI=
42,10,ZZBLeoGKUE34XDDTgBW2iXSP1WA=,YsojtCFMjNB2G/SxmfS+OsBPQkI=
43,10,ZZBLeoGKUE34XDDTgBW2iXSP1WA=,YsojtCFMjNB2G/SxmfS+OsBPQkI=
44,10,ZZBLeoGKUE34XDDTgBW2iXSP1WA=,YsojtCFMjNB2G/SxmfS+OsBPQkI=
45,10,ZZBLeoGKUE34XDDTgBW2iXSP1WA=,YsojtCFMjNB2G/SxmfS+OsBPQkI=
46,10,ZZBLeoGKUE34XDDTgBW2iXSP1WA=,YsojtCFMjNB2G/SxmfS+OsBPQkI=
45,1,ZZBLeoGKUE34XDDTgBW2iXSP1WA=,YsojtCFMjNB2G/SxmfS+OsBPQkI=
47,10,ZZBLeoGKUE34XDDTgBW2iXSP1WA=,YsojtCFMjNB2G/SxmfS+OsBPQkI=
46,2,ZZBLeoGKUE34XDDTgBW2iXSP1WA=,YsojtCFMjNB2G/SxmfS+OsBPQkI=
34,11,ZZBLeoGKUE34XDDTgBW2iXSP1WA=,YsojtCFMjNB2G/SxmfS+OsBPQkI=
35,11,ZZBLeoGKUE34XDDTgBW2iXSP1WA=,YsojtCFMjNB2G/SxmfS+OsBPQkI=
44,11,ZZBLeoGKUE34XDDTgBW2iXSP1WA=,YsojtCFMjNB2G/SxmfS+OsBPQkI=
45,11,ZZBLeoGKUE34XDDTgBW2iXSP1WA=,YsojtCFMjNB2G/SxmfS+OsBPQkI=
46,11,ZZBLeoGKUE34XDDTgBW2iXSP1WA=,YsojtCFMjNB2G/SxmfS+OsBPQkI=
46,1,ZZBLeoGKUE34XDDTgBW2iXSP1WA=,YsojtCFMjNB2G/SxmfS+OsBPQkI=
47,11,ZZBLeoGKUE34XDDTgBW2iXSP1WA=,YsojtCFMjNB2G/SxmfS+OsBPQkI=
47,1,ZZBLeoGKUE34XDDTgBW2iXSP1WA=,YsojtCFMjNB2G/SxmfS+OsBPQkI=
47,2,ZZBLeoGKUE34XDDTgBW2iXSP1WA=,YsojtCFMjNB2G/SxmfS+OsBPQkI=
33,1,ZZBLeoGKUE34XDDTgBW2iXSP1WA=,YsojtCFMjNB2G/SxmfS+OsBPQkI=
34,12,ZZBLeoGKUE34XDDTgBW2iXSP1WA=,YsojtCFMjNB2G/SxmfS+OsBPQkI=
45,12,ZZBLeoGKUE34XDDTgBW2iXSP1WA=,YsojtCFMjNB2G/SxmfS+OsBPQkI=
46,12,ZZBLeoGKUE34XDDTgBW2iXSP1WA=,YsojtCFMjNB2G/SxmfS+OsBPQkI=
33,2,ZZBLeoGKUE34XDDTgBW2iXSP1WA=,YsojtCFMjNB2G/SxmfS+OsBPQkI=
34,1,ZZBLeoGKUE34XDDTgBW2iXSP1WA=,YsojtCFMjNB2G/SxmfS+OsBPQkI=
47,12,ZZBLeoGKUE34XDDTgBW2iXSP1WA=,YsojtCFMjNB2G/SxmfS+OsBPQkI=
45,13,ZZBLeoGKUE34XDDTgBW2iXSP1WA=,YsojtCFMjNB2G/SxmfS+OsBPQkI=
46,13,ZZBLeoGKUE34XDDTgBW2iXSP1WA=,YsojtCFMjNB2G/SxmfS+OsBPQkI=
34,2,ZZBLeoGKUE34XDDTgBW2iXSP1WA=,YsojtCFMjNB2G/SxmfS+OsBPQkI=
35,1,ZZBLeoGKUE34XDDTgBW2iXSP1WA=,YsojtCFMjNB2G/SxmfS+OsBPQkI=
47,13,ZZBLeoGKUE34XDDTgBW2iXSP1WA=,YsojtCFMjNB2G/SxmfS+OsBPQkI=
45,14,ZZBLeoGKUE34XDDTgBW2iXSP1WA=,YsojtCFMjNB2G/SxmfS+OsBPQkI=
46,14,ZZBLeoGKUE34XDDTgBW2iXSP1WA=,YsojtCFMjNB2G/SxmfS+OsBPQkI=
35,2,ZZBLeoGKUE34XDDTgBW2iXSP1WA=,YsojtCFMjNB2G/SxmfS+OsBPQkI=
47,14,ZZBLeoGKUE34XDDTgBW2iXSP1WA=,YsojtCFMjNB2G/SxmfS+OsBPQkI=
33,3,ZZBLeoGKUE34XDDTgBW2iXSP1WA=,YsojtCFMjNB2G/SxmfS+OsBPQkI=
36,2,ZZBLeoGKUE34XDDTgBW2iXSP1WA=,YsojtCFMjNB2G/SxmfS+OsBPQkI=
34,3,ZZBLeoGKUE34XDDTgBW2iXSP1WA=,YsojtCFMjNB2G/SxmfS+OsBPQkI=
36,1,ZZBLeoGKUE34XDDTgBW2iXSP1WA=,YsojtCFMjNB2G/SxmfS+OsBPQkI=
37,1,ZZBLeoGKUE34XDDTgBW2iXSP1WA=,YsojtCFMjNB2G/SxmfS+OsBPQkI=
35,3,ZZBLeoGKUE34XDDTgBW2iXSP1WA=,YsojtCFMjNB2G/SxmfS+OsBPQkI=
36,3,ZZBLeoGKUE34XDDTgBW2iXSP1WA=,YsojtCFMjNB2G/SxmfS+OsBPQkI=
44,14,ZZBLeoGKUE34XDDTgBW2iXSP1WA=,YsojtCFMjNB2G/SxmfS+OsBPQkI=
43,14,ZZBLeoGKUE34XDDTgBW2iXSP1WA=,YsojtCFMjNB2G/SxmfS+OsBPQkI=
42,14,ZZBLeoGKUE34XDDTgBW2iXSP1WA=,YsojtCFMjNB2G/SxmfS+OsBPQkI=
41,14,ZZBLeoGKUE34XDDTgBW2iXSP1WA=,YsojtCFMjNB2G/SxmfS+OsBPQkI=
37,0,ZZBLeoGKUE34XDDTgBW2iXSP1WA=,YsojtCFMjNB2G/SxmfS+OsBPQkI=
35,0,ZZBLeoGKUE34XDDTgBW2iXSP1WA=,YsojtCFMjNB2G/SxmfS+OsBPQkI=
38,3,ZZBLeoGKUE34XDDTgBW2iXSP1WA=,YsojtCFMjNB2G/SxmfS+OsBPQkI=
32,0,ZZBLeoGKUE34XDDTgBW2iXSP1WA=,YsojtCFMjNB2G/SxmfS+OsBPQkI=
40,14,ZZBLeoGKUE34XDDTgBW2iXSP1WA=,YsojtCFMjNB2G/SxmfS+OsBPQkI=
44,13,ZZBLeoGKUE34XDDTgBW2iXSP1WA=,YsojtCFMjNB2G/SxmfS+OsBPQkI=
32,11,ZZBLeoGKUE34XDDTgBW2iXSP1WA=,YsojtCFMjNB2G/SxmfS+OsBPQkI=
32,8,ZZBLeoGKUE34XDDTgBW2iXSP1WA=,YsojtCFMjNB2G/SxmfS+OsBPQkI=
38,2,ZZBLeoGKUE34XDDTgBW2iXSP1WA=,YsojtCFMjNB2G/SxmfS+OsBPQkI=
32,9,ZZBLeoGKUE34XDDTgBW2iXSP1WA=,YsojtCFMjNB2G/SxmfS+OsBPQkI=
37,2,ZZBLeoGKUE34XDDTgBW2iXSP1WA=,YsojtCFMjNB2G/SxmfS+OsBPQkI=
43,13,ZZBLeoGKUE34XDDTgBW2iXSP1WA=,YsojtCFMjNB2G/SxmfS+OsBPQkI=
32,10,ZZBLeoGKUE34XDDTgBW2iXSP1WA=,YsojtCFMjNB2G/SxmfS+OsBPQkI=
32,15,ZZBLeoGKUE34XDDTgBW2iXSP1WA=,YsojtCFMjNB2G/SxmfS+OsBPQkI=
32,12,ZZBLeoGKUE34XDDTgBW2iXSP1WA=,YsojtCFMjNB2G/SxmfS+OsBPQkI=
33,0,ZZBLeoGKUE34XDDTgBW2iXSP1WA=,YsojtCFMjNB2G/SxmfS+OsBPQkI=
32,13,ZZBLeoGKUE34XDDTgBW2iXSP1WA=,YsojtCFMjNB2G/SxmfS+OsBPQkI=
36,0,ZZBLeoGKUE34XDDTgBW2iXSP1WA=,YsojtCFMjNB2G/SxmfS+OsBPQkI=
42,13,ZZBLeoGKUE34XDDTgBW2iXSP1WA=,YsojtCFMjNB2G/SxmfS+OsBPQkI=
32,14,ZZBLeoGKUE34XDDTgBW2iXSP1WA=,YsojtCFMjNB2G/SxmfS+OsBPQkI=
47,0,ZZBLeoGKUE34XDDTgBW2iXSP1WA=,YsojtCFMjNB2G/SxmfS+OsBPQkI=
34,0,ZZBLeoGKUE34XDDTgBW2iXSP1WA=,YsojtCFMjNB2G/SxmfS+OsBPQkI=
46,0,ZZBLeoGKUE34XDDTgBW2iXSP1WA=,YsojtCFMjNB2G/SxmfS+OsBPQkI=
45,0,ZZBLeoGKUE34XDDTgBW2iXSP1WA=,YsojtCFMjNB2G/SxmfS+OsBPQkI=
39,14,ZZBLeoGKUE34XDDTgBW2iXSP1WA=,YsojtCFMjNB2G/SxmfS+OsBPQkI=
33,15,ZZBLeoGKUE34XDDTgBW2iXSP1WA=,YsojtCFMjNB2G/SxmfS+OsBPQkI=
41,13,ZZBLeoGKUE34XDDTgBW2iXSP1WA=,YsojtCFMjNB2G/SxmfS+OsBPQkI=
34,15,ZZBLeoGKUE34XDDTgBW2iXSP1WA=,YsojtCFMjNB2G/SxmfS+OsBPQkI=
35,15,ZZBLeoGKUE34XDDTgBW2iXSP1WA=,YsojtCFMjNB2G/SxmfS+OsBPQkI=
37,3,ZZBLeoGKUE34XDDTgBW2iXSP1WA=,YsojtCFMjNB2G/SxmfS+OsBPQkI=
44,0,ZZBLeoGKUE34XDDTgBW2iXSP1WA=,YsojtCFMjNB2G/SxmfS+OsBPQkI=
38,14,ZZBLeoGKUE34XDDTgBW2iXSP1WA=,YsojtCFMjNB2G/SxmfS+OsBPQkI=
43,0,ZZBLeoGKUE34XDDTgBW2iXSP1WA=,YsojtCFMjNB2G/SxmfS+OsBPQkI=
36,15,ZZBLeoGKUE34XDDTgBW2iXSP1WA=,YsojtCFMjNB2G/SxmfS+OsBPQkI=
37,15,ZZBLeoGKUE34XDDTgBW2iXSP1WA=,YsojtCFMjNB2G/SxmfS+OsBPQkI=
33,8,ZZBLeoGKUE34XDDTgBW2iXSP1WA=,YsojtCFMjNB2G/SxmfS+OsBPQkI=
40,13,ZZBLeoGKUE34XDDTgBW2iXSP1WA=,YsojtCFMjNB2G/SxmfS+OsBPQkI=
44,12,ZZBLeoGKUE34XDDTgBW2iXSP1WA=,YsojtCFMjNB2G/SxmfS+OsBPQkI=
33,9,ZZBLeoGKUE34XDDTgBW2iXSP1WA=,YsojtCFMjNB2G/SxmfS+OsBPQkI=
38,15,ZZBLeoGKUE34XDDTgBW2iXSP1WA=,YsojtCFMjNB2G/SxmfS+OsBPQkI=
37,14,ZZBLeoGKUE34XDDTgBW2iXSP1WA=,YsojtCFMjNB2G/SxmfS+OsBPQkI=
43,12,ZZBLeoGKUE34XDDTgBW2iXSP1WA=,YsojtCFMjNB2G/SxmfS+OsBPQkI=
33,10,ZZBLeoGKUE34XDDTgBW2iXSP1WA=,YsojtCFMjNB2G/SxmfS+OsBPQkI=
42,0,ZZBLeoGKUE34XDDTgBW2iXSP1WA=,YsojtCFMjNB2G/SxmfS+OsBPQkI=
42,12,ZZBLeoGKUE34XDDTgBW2iXSP1WA=,YsojtCFMjNB2G/SxmfS+OsBPQkI=
39,15,ZZBLeoGKUE34XDDTgBW2iXSP1WA=,YsojtCFMjNB2G/SxmfS+OsBPQkI=
41,0,ZZBLeoGKUE34XDDTgBW2iXSP1WA=,YsojtCFMjNB2G/SxmfS+OsBPQkI=
33,11,ZZBLeoGKUE34XDDTgBW2iXSP1WA=,YsojtCFMjNB2G/SxmfS+OsBPQkI=
36,11,ZZBLeoGKUE34XDDTgBW2iXSP1WA=,YsojtCFMjNB2G/SxmfS+OsBPQkI=
41,12,ZZBLeoGKUE34XDDTgBW2iXSP1WA=,YsojtCFMjNB2G/SxmfS+OsBPQkI=
36,14,ZZBLeoGKUE34XDDTgBW2iXSP1WA=,YsojtCFMjNB2G/SxmfS+OsBPQkI=
37,11,ZZBLeoGKUE34XDDTgBW2iXSP1WA=,YsojtCFMjNB2G/SxmfS+OsBPQkI=
38,11,ZZBLeoGKUE34XDDTgBW2iXSP1WA=,YsojtCFMjNB2G/SxmfS+OsBPQkI=
40,12,ZZBLeoGKUE34XDDTgBW2iXSP1WA=,YsojtCFMjNB2G/SxmfS+OsBPQkI=
33,12,ZZBLeoGKUE34XDDTgBW2iXSP1WA=,YsojtCFMjNB2G/SxmfS+OsBPQkI=
35,12,ZZBLeoGKUE34XDDTgBW2iXSP1WA=,YsojtCFMjNB2G/SxmfS+OsBPQkI=
39,11,ZZBLeoGKUE34XDDTgBW2iXSP1WA=,YsojtCFMjNB2G/SxmfS+OsBPQkI=
43,11,ZZBLeoGKUE34XDDTgBW2iXSP1WA=,YsojtCFMjNB2G/SxmfS+OsBPQkI=
35,14,ZZBLeoGKUE34XDDTgBW2iXSP1WA=,YsojtCFMjNB2G/SxmfS+OsBPQkI=
40,0,ZZBLeoGKUE34XDDTgBW2iXSP1WA=,YsojtCFMjNB2G/SxmfS+OsBPQkI=
42,11,ZZBLeoGKUE34XDDTgBW2iXSP1WA=,YsojtCFMjNB2G/SxmfS+OsBPQkI=
36,12,ZZBLeoGKUE34XDDTgBW2iXSP1WA=,YsojtCFMjNB2G/SxmfS+OsBPQkI=
34,14,ZZBLeoGKUE34XDDTgBW2iXSP1WA=,YsojtCFMjNB2G/SxmfS+OsBPQkI=
37,12,ZZBLeoGKUE34XDDTgBW2iXSP1WA=,YsojtCFMjNB2G/SxmfS+OsBPQkI=
41,11,ZZBLeoGKUE34XDDTgBW2iXSP1WA=,YsojtCFMjNB2G/SxmfS+OsBPQkI=
38,12,ZZBLeoGKUE34XDDTgBW2iXSP1WA=,YsojtCFMjNB2G/SxmfS+OsBPQkI=
40,15,ZZBLeoGKUE34XDDTgBW2iXSP1WA=,YsojtCFMjNB2G/SxmfS+OsBPQkI=
39,12,ZZBLeoGKUE34XDDTgBW2iXSP1WA=,YsojtCFMjNB2G/SxmfS+OsBPQkI=
40,11,ZZBLeoGKUE34XDDTgBW2iXSP1WA=,YsojtCFMjNB2G/SxmfS+OsBPQkI=
39,0,ZZBLeoGKUE34XDDTgBW2iXSP1WA=,YsojtCFMjNB2G/SxmfS+OsBPQkI=
41,15,ZZBLeoGKUE34XDDTgBW2iXSP1WA=,YsojtCFMjNB2G/SxmfS+OsBPQkI=
33,14,ZZBLeoGKUE34XDDTgBW2iXSP1WA=,YsojtCFMjNB2G/SxmfS+OsBPQkI=
44,15,ZZBLeoGKUE34XDDTgBW2iXSP1WA=,YsojtCFMjNB2G/SxmfS+OsBPQkI=
33,13,ZZBLeoGKUE34XDDTgBW2iXSP1WA=,YsojtCFMjNB2G/SxmfS+OsBPQkI=
34,13,ZZBLeoGKUE34XDDTgBW2iXSP1WA=,YsojtCFMjNB2G/SxmfS+OsBPQkI=
35,13,ZZBLeoGKUE34XDDTgBW2iXSP1WA=,YsojtCFMjNB2G/SxmfS+OsBPQkI=
39,13,ZZBLeoGKUE34XDDTgBW2iXSP1WA=,YsojtCFMjNB2G/SxmfS+OsBPQkI=
36,13,ZZBLeoGKUE34XDDTgBW2iXSP1WA=,YsojtCFMjNB2G/SxmfS+OsBPQkI=
43,15,ZZBLeoGKUE34XDDTgBW2iXSP1WA=,YsojtCFMjNB2G/SxmfS+OsBPQkI=
42,15,ZZBLeoGKUE34XDDTgBW2iXSP1WA=,YsojtCFMjNB2G/SxmfS+OsBPQkI=
38,13,ZZBLeoGKUE34XDDTgBW2iXSP1WA=,YsojtCFMjNB2G/SxmfS+OsBPQkI=
37,13,ZZBLeoGKUE34XDDTgBW2iXSP1WA=,YsojtCFMjNB2G/SxmfS+OsBPQkI=
47,31,ZZBLeoGKUE34XDDTgBW2iXSP1WA=,YsojtCFMjNB2G/SxmfS+OsBPQkI=
46,31,ZZBLeoGKUE34XDDTgBW2iXSP1WA=,YsojtCFMjNB2G/SxmfS+OsBPQkI=
45,31,ZZBLeoGKUE34XDDTgBW2iXSP1WA=,YsojtCFMjNB2G/SxmfS+OsBPQkI=
44,31,ZZBLeoGKUE34XDDTgBW2iXSP1WA=,YsojtCFMjNB2G/SxmfS+OsBPQkI=
39,19,ZZBLeoGKUE34XDDTgBW2iXSP1WA=,YsojtCFMjNB2G/SxmfS+OsBPQkI=
43,31,ZZBLeoGKUE34XDDTgBW2iXSP1WA=,YsojtCFMjNB2G/SxmfS+OsBPQkI=
35,19,ZZBLeoGKUE34XDDTgBW2iXSP1WA=,YsojtCFMjNB2G/SxmfS+OsBPQkI=
36,17,ZZBLeoGKUE34XDDTgBW2iXSP1WA=,YsojtCFMjNB2G/SxmfS+OsBPQkI=
34,19,ZZBLeoGKUE34XDDTgBW2iXSP1WA=,YsojtCFMjNB2G/SxmfS+OsBPQkI=
42,31,ZZBLeoGKUE34XDDTgBW2iXSP1WA=,YsojtCFMjNB2G/SxmfS+OsBPQkI=
41,31,ZZBLeoGKUE34XDDTgBW2iXSP1WA=,YsojtCFMjNB2G/SxmfS+OsBPQkI=
40,31,ZZBLeoGKUE34XDDTgBW2iXSP1WA=,YsojtCFMjNB2G/SxmfS+OsBPQkI=
39,31,ZZBLeoGKUE34XDDTgBW2iXSP1WA=,YsojtCFMjNB2G/SxmfS+OsBPQkI=
38,31,ZZBLeoGKUE34XDDTgBW2iXSP1WA=,YsojtCFMjNB2G/SxmfS+OsBPQkI=
37,31,ZZBLeoGKUE34XDDTgBW2iXSP1WA=,YsojtCFMjNB2G/SxmfS+OsBPQkI=
36,31,ZZBLeoGKUE34XDDTgBW2iXSP1WA=,YsojtCFMjNB2G/SxmfS+OsBPQkI=
35,31,ZZBLeoGKUE34XDDTgBW2iXSP1WA=,YsojtCFMjNB2G/SxmfS+OsBPQkI=
34,31,ZZBLeoGKUE34XDDTgBW2iXSP1WA=,YsojtCFMjNB2G/SxmfS+OsBPQkI=
33,16,ZZBLeoGKUE34XDDTgBW2iXSP1WA=,YsojtCFMjNB2G/SxmfS+OsBPQkI=
33,31,ZZBLeoGKUE34XDDTgBW2iXSP1WA=,YsojtCFMjNB2G/SxmfS+OsBPQkI=
40,19,ZZBLeoGKUE34XDDTgBW2iXSP1WA=,YsojtCFMjNB2G/SxmfS+OsBPQkI=
37,17,ZZBLeoGKUE34XDDTgBW2iXSP1WA=,YsojtCFMjNB2G/SxmfS+OsBPQkI=
32,31,ZZBLeoGKUE34XDDTgBW2iXSP1WA=,YsojtCFMjNB2G/SxmfS+OsBPQkI=
36,19,ZZBLeoGKUE34XDDTgBW2iXSP1WA=,YsojtCFMjNB2G/SxmfS+OsBPQkI=
37,16,ZZBLeoGKUE34XDDTgBW2iXSP1WA=,YsojtCFMjNB2G/SxmfS+OsBPQkI=
38,18,ZZBLeoGKUE34XDDTgBW2iXSP1WA=,YsojtCFMjNB2G/SxmfS+OsBPQkI=
38,19,ZZBLeoGKUE34XDDTgBW2iXSP1WA=,YsojtCFMjNB2G/SxmfS+OsBPQkI=
47,30,ZZBLeoGKUE34XDDTgBW2iXSP1WA=,YsojtCFMjNB2G/SxmfS+OsBPQkI=
46,30,ZZBLeoGKUE34XDDTgBW2iXSP1WA=,YsojtCFMjNB2G/SxmfS+OsBPQkI=
45,30,ZZBLeoGKUE34XDDTgBW2iXSP1WA=,YsojtCFMjNB2G/SxmfS+OsBPQkI=
44,30,ZZBLeoGKUE34XDDTgBW2iXSP1WA=,YsojtCFMjNB2G/SxmfS+OsBPQkI=
43,30,ZZBLeoGKUE34XDDTgBW2iXSP1WA=,YsojtCFMjNB2G/SxmfS+OsBPQkI=
42,30,ZZBLeoGKUE34XDDTgBW2iXSP1WA=,YsojtCFMjNB2G/SxmfS+OsBPQkI=
41,30,ZZBLeoGKUE34XDDTgBW2iXSP1WA=,YsojtCFMjNB2G/SxmfS+OsBPQkI=
40,30,ZZBLeoGKUE34XDDTgBW2iXSP1WA=,YsojtCFMjNB2G/SxmfS+OsBPQkI=
39,30,ZZBLeoGKUE34XDDTgBW2iXSP1WA=,YsojtCFMjNB2G/SxmfS+OsBPQkI=
38,30,ZZBLeoGKUE34XDDTgBW2iXSP1WA=,YsojtCFMjNB2G/SxmfS+OsBPQkI=
37,30,ZZBLeoGKUE34XDDTgBW2iXSP1WA=,YsojtCFMjNB2G/SxmfS+OsBPQkI=
36,30,ZZBLeoGKUE34XDDTgBW2iXSP1WA=,YsojtCFMjNB2G/SxmfS+OsBPQkI=
35,30,ZZBLeoGKUE34XDDTgBW2iXSP1WA=,YsojtCFMjNB2G/SxmfS+OsBPQkI=
34,30,ZZBLeoGKUE34XDDTgBW2iXSP1WA=,YsojtCFMjNB2G/SxmfS+OsBPQkI=
33,30,ZZBLeoGKUE34XDDTgBW2iXSP1WA=,YsojtCFMjNB2G/SxmfS+OsBPQkI=
37,19,ZZBLeoGKUE34XDDTgBW2iXSP1WA=,YsojtCFMjNB2G/SxmfS+OsBPQkI=
35,16,ZZBLeoGKUE34XDDTgBW2iXSP1WA=,YsojtCFMjNB2G/SxmfS+OsBPQkI=
32,30,ZZBLeoGKUE34XDDTgBW2iXSP1WA=,YsojtCFMjNB2G/SxmfS+OsBPQkI=
47,29,ZZBLeoGKUE34XDDTgBW2iXSP1WA=,YsojtCFMjNB2G/SxmfS+OsBPQkI=
46,29,ZZBLeoGKUE34XDDTgBW2iXSP1WA=,YsojtCFMjNB2G/SxmfS+OsBPQkI=
45,29,ZZBLeoGKUE34XDDTgBW2iXSP1WA=,YsojtCFMjNB2G/SxmfS+OsBPQkI=
44,29,ZZBLeoGKUE34XDDTgBW2iXSP1WA=,YsojtCFMjNB2G/SxmfS+OsBPQkI=
43,29,ZZBLeoGKUE34XDDTgBW2iXSP1WA=,YsojtCFMjNB2G/SxmfS+OsBPQkI=
42,29,ZZBLeoGKUE34XDDTgBW2iXSP1WA=,YsojtCFMjNB2G/SxmfS+OsBPQkI=
41,29,e5UiVWeE17dN37XX3mc9QOZWnrk=,YsojtCFMjNB2G/SxmfS+OsBPQkI=
40,29,e5UiVWeE17dN37XX3mc9QOZWnrk=,YsojtCFMjNB2G/SxmfS+OsBPQkI=
39,29,e5UiVWeE17dN37XX3mc9QOZWnrk=,YsojtCFMjNB2G/SxmfS+OsBPQkI=
38,29,e5UiVWeE17dN37XX3mc9QOZWnrk=,YsojtCFMjNB2G/SxmfS+OsBPQkI=
37,29,e5UiVWeE17dN37XX3mc9QOZWnrk=,YsojtCFMjNB2G/SxmfS+OsBPQkI=
36,29,e5UiVWeE17dN37XX3mc9QOZWnrk=,YsojtCFMjNB2G/SxmfS+OsBPQkI=
35,29,e5UiVWeE17dN37XX3mc9QOZWnrk=,YsojtCFMjNB2G/SxmfS+OsBPQkI=
34,29,e5UiVWeE17dN37XX3mc9QOZWnrk=,YsojtCFMjNB2G/SxmfS+OsBPQkI=
33,29,e5UiVWeE17dN37XX3mc9QOZWnrk=,YsojtCFMjNB2G/SxmfS+OsBPQkI=
33,19,e5UiVWeE17dN37XX3mc9QOZWnrk=,YsojtCFMjNB2G/SxmfS+OsBPQkI=
37,18,e5UiVWeE17dN37XX3mc9QOZWnrk=,YsojtCFMjNB2G/SxmfS+OsBPQkI=
32,29,e5UiVWeE17dN37XX3mc9QOZWnrk=,YsojtCFMjNB2G/SxmfS+OsBPQkI=
47,28,e5UiVWeE17dN37XX3mc9QOZWnrk=,YsojtCFMjNB2G/SxmfS+OsBPQkI=
46,28,e5UiVWeE17dN37XX3mc9QOZWnrk=,YsojtCFMjNB2G/SxmfS+OsBPQkI=
45,28,e5UiVWeE17dN37XX3mc9QOZWnrk=,YsojtCFMjNB2G/SxmfS+OsBPQkI=
44,28,e5UiVWeE17dN37XX3mc9QOZWnrk=,YsojtCFMjNB2G/SxmfS+OsBPQkI=
43,28,e5UiVWeE17dN37XX3mc9QOZWnrk=,YsojtCFMjNB2G/SxmfS+OsBPQkI=
42,28,e5UiVWeE17dN37XX3mc9QOZWnrk=,YsojtCFMjNB2G/SxmfS+OsBPQkI=
41,28,e5UiVWeE17dN37XX3mc9QOZWnrk=,YsojtCFMjNB2G/SxmfS+OsBPQkI=
40,28,e5UiVWeE17dN37XX3mc9QOZWnrk=,YsojtCFMjNB2G/SxmfS+OsBPQkI=
39,28,e5UiVWeE17dN37XX3mc9QOZWnrk=,YsojtCFMjNB2G/SxmfS+OsBPQkI=
38,28,e5UiVWeE17dN37XX3mc9QOZWnrk=,YsojtCFMjNB2G/SxmfS+OsBPQkI=
37,28,e5UiVWeE17dN37XX3mc9QOZWnrk=,YsojtCFMjNB2G/SxmfS+OsBPQkI=
36,28,e5UiVWeE17dN37XX3mc9QOZWnrk=,YsojtCFMjNB2G/SxmfS+OsBPQkI=
35,28,e5UiVWeE17dN37XX3mc9QOZWnrk=,YsojtCFMjNB2G/SxmfS+OsBPQkI=
34,28,e5UiVWeE17dN37XX3mc9QOZWnrk=,YsojtCFMjNB2G/SxmfS+OsBPQkI=
33,28,e5UiVWeE17dN37XX3mc9QOZWnrk=,YsojtCFMjNB2G/SxmfS+OsBPQkI=
36,16,e5UiVWeE17dN37XX3mc9QOZWnrk=,YsojtCFMjNB2G/SxmfS+OsBPQkI=
35,18,e5UiVWeE17dN37XX3mc9QOZWnrk=,YsojtCFMjNB2G/SxmfS+OsBPQkI=
32,28,e5UiVWeE17dN37XX3mc9QOZWnrk=,YsojtCFMjNB2G/SxmfS+OsBPQkI=
36,18,e5UiVWeE17dN37XX3mc9QOZWnrk=,YsojtCFMjNB2G/SxmfS+OsBPQkI=
47,16,e5UiVWeE17dN37XX3mc9QOZWnrk=,YsojtCFMjNB2G/SxmfS+OsBPQkI=
35,17,e5UiVWeE17dN37XX3mc9QOZWnrk=,YsojtCFMjNB2G/SxmfS+OsBPQkI=
34,18,e5UiVWeE17dN37XX3mc9QOZWnrk=,YsojtCFMjNB2G/SxmfS+OsBPQkI=
34,17,e5UiVWeE17dN37XX3mc9QOZWnrk=,YsojtCFMjNB2G/SxmfS+OsBPQkI=
47,18,e5UiVWeE17dN37XX3mc9QOZWnrk=,YsojtCFMjNB2G/SxmfS+OsBPQkI=
46,16,e5UiVWeE17dN37XX3mc9QOZWnrk=,YsojtCFMjNB2G/SxmfS+OsBPQkI=
47,17,e5UiVWeE17dN37XX3mc9QOZWnrk=,YsojtCFMjNB2G/SxmfS+OsBPQkI=
46,17,e5UiVWeE17dN37XX3mc9QOZWnrk=,YsojtCFMjNB2G/SxmfS+OsBPQkI=
47,27,e5UiVWeE17dN37XX3mc9QOZWnrk=,YsojtCFMjNB2G/SxmfS+OsBPQkI=
46,27,e5UiVWeE17dN37XX3mc9QOZWnrk=,YsojtCFMjNB2G/SxmfS+OsBPQkI=
45,27,e5UiVWeE17dN37XX3mc9QOZWnrk=,YsojtCFMjNB2G/SxmfS+OsBPQkI=
44,27,e5UiVWeE17dN37XX3mc9QOZWnrk=,YsojtCFMjNB2G/SxmfS+OsBPQkI=
43,27,e5UiVWeE17dN37XX3mc9QOZWnrk=,YsojtCFMjNB2G/SxmfS+OsBPQkI=
42,27,e5UiVWeE17dN37XX3mc9QOZWnrk=,YsojtCFMjNB2G/SxmfS+OsBPQkI=
41,27,e5UiVWeE17dN37XX3mc9QOZWnrk=,YsojtCFMjNB2G/SxmfS+OsBPQkI=
40,27,e5UiVWeE17dN37XX3mc9QOZWnrk=,YsojtCFMjNB2G/SxmfS+OsBPQkI=
39,27,e5UiVWeE17dN37XX3mc9QOZWnrk=,YsojtCFMjNB2G/SxmfS+OsBPQkI=
38,27,e5UiVWeE17dN37XX3mc9QOZWnrk=,YsojtCFMjNB2G/SxmfS+OsBPQkI=
36,27,e5UiVWeE17dN37XX3mc9QOZWnrk=,YsojtCFMjNB2G/SxmfS+OsBPQkI=
35,27,e5UiVWeE17dN37XX3mc9QOZWnrk=,YsojtCFMjNB2G/SxmfS+OsBPQkI=
34,27,e5UiVWeE17dN37XX3mc9QOZWnrk=,YsojtCFMjNB2G/SxmfS+OsBPQkI=
33,27,e5UiVWeE17dN37XX3mc9QOZWnrk=,YsojtCFMjNB2G/SxmfS+OsBPQkI=
32,27,e5UiVWeE17dN37XX3mc9QOZWnrk=,YsojtCFMjNB2G/SxmfS+OsBPQkI=
45,16,e5UiVWeE17dN37XX3mc9QOZWnrk=,YsojtCFMjNB2G/SxmfS+OsBPQkI=
46,18,e5UiVWeE17dN37XX3mc9QOZWnrk=,YsojtCFMjNB2G/SxmfS+OsBPQkI=
33,17,e5UiVWeE17dN37XX3mc9QOZWnrk=,YsojtCFMjNB2G/SxmfS+OsBPQkI=
47,26,e5UiVWeE17dN37XX3mc9QOZWnrk=,YsojtCFMjNB2G/SxmfS+OsBPQkI=
46,26,e5UiVWeE17dN37XX3mc9QOZWnrk=,YsojtCFMjNB2G/SxmfS+OsBPQkI=
45,26,e5UiVWeE17dN37XX3mc9QOZWnrk=,YsojtCFMjNB2G/SxmfS+OsBPQkI=
44,26,e5UiVWeE17dN37XX3mc9QOZWnrk=,YsojtCFMjNB2G/SxmfS+OsBPQkI=
43,26,e5UiVWeE17dN37XX3mc9QOZWnrk=,YsojtCFMjNB2G/SxmfS+OsBPQkI=
42,26,e5UiVWeE17dN37XX3mc9QOZWnrk=,YsojtCFMjNB2G/SxmfS+OsBPQkI=
41,26,e5UiVWeE17dN37XX3mc9QOZWnrk=,YsojtCFMjNB2G/SxmfS+OsBPQkI=
40,26,e5UiVWeE17dN37XX3mc9QOZWnrk=,YsojtCFMjNB2G/SxmfS+OsBPQkI=
39,26,e5UiVWeE17dN37XX3mc9QOZWnrk=,YsojtCFMjNB2G/SxmfS+OsBPQkI=
38,26,e5UiVWeE17dN37XX3mc9QOZWnrk=,YsojtCFMjNB2G/SxmfS+OsBPQkI=
37,26,e5UiVWeE17dN37XX3mc9QOZWnrk=,YsojtCFMjNB2G/SxmfS+OsBPQkI=
36,26,e5UiVWeE17dN37XX3mc9QOZWnrk=,YsojtCFMjNB2G/SxmfS+OsBPQkI=
35,26,e5UiVWeE17dN37XX3mc9QOZWnrk=,YsojtCFMjNB2G/SxmfS+OsBPQkI=
45,17,e5UiVWeE17dN37XX3mc9QOZWnrk=,YsojtCFMjNB2G/SxmfS+OsBPQkI=
34,26,e5UiVWeE17dN37XX3mc9QOZWnrk=,YsojtCFMjNB2G/SxmfS+OsBPQkI=
32,19,e5UiVWeE17dN37XX3mc9QOZWnrk=,YsojtCFMjNB2G/SxmfS+OsBPQkI=
32,18,e5UiVWeE17dN37XX3mc9QOZWnrk=,YsojtCFMjNB2G/SxmfS+OsBPQkI=
45,18,e5UiVWeE17dN37XX3mc9QOZWnrk=,YsojtCFMjNB2G/SxmfS+OsBPQkI=
33,26,e5UiVWeE17dN37XX3mc9QOZWnrk=,YsojtCFMjNB2G/SxmfS+OsBPQkI=
47,25,e5UiVWeE17dN37XX3mc9QOZWnrk=,YsojtCFMjNB2G/SxmfS+OsBPQkI=
46,25,e5UiVWeE17dN37XX3mc9QOZWnrk=,YsojtCFMjNB2G/SxmfS+OsBPQkI=
45,25,e5UiVWeE17dN37XX3mc9QOZWnrk=,YsojtCFMjNB2G/SxmfS+OsBPQkI=
44,25,e5UiVWeE17dN37XX3mc9QOZWnrk=,YsojtCFMjNB2G/SxmfS+OsBPQkI=
43,25,e5UiVWeE17dN37XX3mc9QOZWnrk=,YsojtCFMjNB2G/SxmfS+OsBPQkI=
42,25,e5UiVWeE17dN37XX3mc9QOZWnrk=,YsojtCFMjNB2G/SxmfS+OsBPQkI=
41,25,e5UiVWeE17dN37XX3mc9QOZWnrk=,YsojtCFMjNB2G/SxmfS+OsBPQkI=
40,25,e5UiVWeE17dN37XX3mc9QOZWnrk=,YsojtCFMjNB2G/SxmfS+OsBPQkI=
39,25,e5UiVWeE17dN37XX3mc9QOZWnrk=,YsojtCFMjNB2G/SxmfS+OsBPQkI=
38,25,e5UiVWeE17dN37XX3mc9QOZWnrk=,YsojtCFMjNB2G/SxmfS+OsBPQkI=
37,25,e5UiVWeE17dN37XX3mc9QOZWnrk=,YsojtCFMjNB2G/SxmfS+OsBPQkI=
36,25,e5UiVWeE17dN37XX3mc9QOZWnrk=,YsojtCFMjNB2G/SxmfS+OsBPQkI=
34,16,e5UiVWeE17dN37XX3mc9QOZWnrk=,YsojtCFMjNB2G/SxmfS+OsBPQkI=
32,17,e5UiVWeE17dN37XX3mc9QOZWnrk=,YsojtCFMjNB2G/SxmfS+OsBPQkI=
44,16,e5UiVWeE17dN37XX3mc9QOZWnrk=,YsojtCFMjNB2G/SxmfS+OsBPQkI=
32,26,e5UiVWeE17dN37XX3mc9QOZWnrk=,YsojtCFMjNB2G/SxmfS+OsBPQkI=
35,25,e5UiVWeE17dN37XX3mc9QOZWnrk=,YsojtCFMjNB2G/SxmfS+OsBPQkI=
33,25,e5UiVWeE17dN37XX3mc9QOZWnrk=,YsojtCFMjNB2G/SxmfS+OsBPQkI=
44,18,e5UiVWeE17dN37XX3mc9QOZWnrk=,YsojtCFMjNB2G/SxmfS+OsBPQkI=
47,24,e5UiVWeE17dN37XX3mc9QOZWnrk=,YsojtCFMjNB2G/SxmfS+OsBPQkI=
46,24,e5UiVWeE17dN37XX3mc9QOZWnrk=,YsojtCFMjNB2G/SxmfS+OsBPQkI=
45,24,e5UiVWeE17dN37XX3mc9QOZWnrk=,YsojtCFMjNB2G/SxmfS+OsBPQkI=
44,24,e5UiVWeE17dN37XX3mc9QOZWnrk=,YsojtCFMjNB2G/SxmfS+OsBPQkI=
43,24,e5UiVWeE17dN37XX3mc9QOZWnrk=,YsojtCFMjNB2G/SxmfS+OsBPQkI=
41,24,e5UiVWeE17dN37XX3mc9QOZWnrk=,YsojtCFMjNB2G/SxmfS+OsBPQkI=
42,24,e5UiVWeE17dN37XX3mc9QOZWnrk=,YsojtCFMjNB2G/SxmfS+OsBPQkI=
40,24,e5UiVWeE17dN37XX3mc9QOZWnrk=,YsojtCFMjNB2G/SxmfS+OsBPQkI=
39,24,e5UiVWeE17dN37XX3mc9QOZWnrk=,YsojtCFMjNB2G/SxmfS+OsBPQkI=
38,24,e5UiVWeE17dN37XX3mc9QOZWnrk=,YsojtCFMjNB2G/SxmfS+OsBPQkI=
37,24,e5UiVWeE17dN37XX3mc9QOZWnrk=,YsojtCFMjNB2G/SxmfS+OsBPQkI=
36,24,e5UiVWeE17dN37XX3mc9QOZWnrk=,YsojtCFMjNB2G/SxmfS+OsBPQkI=
32,16,e5UiVWeE17dN37XX3mc9QOZWnrk=,YsojtCFMjNB2G/SxmfS+OsBPQkI=
32,25,e5UiVWeE17dN37XX3mc9QOZWnrk=,YsojtCFMjNB2G/SxmfS+OsBPQkI=
34,25,e5UiVWeE17dN37XX3mc9QOZWnrk=,YsojtCFMjNB2G/SxmfS+OsBPQkI=
43,16,e5UiVWeE17dN37XX3mc9QOZWnrk=,YsojtCFMjNB2G/SxmfS+OsBPQkI=
41,19,e5UiVWeE17dN37XX3mc9QOZWnrk=,YsojtCFMjNB2G/SxmfS+OsBPQkI=
33,24,e5UiVWeE17dN37XX3mc9QOZWnrk=,YsojtCFMjNB2G/SxmfS+OsBPQkI=
43,17,e5UiVWeE17dN37XX3mc9QOZWnrk=,YsojtCFMjNB2G/SxmfS+OsBPQkI=
32,24,e5UiVWeE17dN37XX3mc9QOZWnrk=,YsojtCFMjNB2G/SxmfS+OsBPQkI=
47,23,e5UiVWeE17dN37XX3mc9QOZWnrk=,YsojtCFMjNB2G/SxmfS+OsBPQkI=
46,23,e5UiVWeE17dN37XX3mc9QOZWnrk=,YsojtCFMjNB2G/SxmfS+OsBPQkI=
45,23,e5UiVWeE17dN37XX3mc9QOZWnrk=,YsojtCFMjNB2G/SxmfS+OsBPQkI=
44,23,e5UiVWeE17dN37XX3mc9QOZWnrk=,YsojtCFMjNB2G/SxmfS+OsBPQkI=
43,23,e5UiVWeE17dN37XX3mc9QOZWnrk=,YsojtCFMjNB2G/SxmfS+OsBPQkI=
42,23,e5UiVWeE17dN37XX3mc9QOZWnrk=,YsojtCFMjNB2G/SxmfS+OsBPQkI=
41,23,e5UiVWeE17dN37XX3mc9QOZWnrk=,YsojtCFMjNB2G/SxmfS+OsBPQkI=
34,24,e5UiVWeE17dN37XX3mc9QOZWnrk=,YsojtCFMjNB2G/SxmfS+OsBPQkI=
35,24,e5UiVWeE17dN37XX3mc9QOZWnrk=,YsojtCFMjNB2G/SxmfS+OsBPQkI=
40,23,e5UiVWeE17dN37XX3mc9QOZWnrk=,YsojtCFMjNB2G/SxmfS+OsBPQkI=
43,18,e5UiVWeE17dN37XX3mc9QOZWnrk=,YsojtCFMjNB2G/SxmfS+OsBPQkI=
42,16,e5UiVWeE17dN37XX3mc9QOZWnrk=,YsojtCFMjNB2G/SxmfS+OsBPQkI=
39,23,e5UiVWeE17dN37XX3mc9QOZWnrk=,YsojtCFMjNB2G/SxmfS+OsBPQkI=
38,23,e5UiVWeE17dN37XX3mc9QOZWnrk=,YsojtCFMjNB2G/SxmfS+OsBPQkI=
37,23,e5UiVWeE17dN37XX3mc9QOZWnrk=,YsojtCFMjNB2G/SxmfS+OsBPQkI=
42,19,e5UiVWeE17dN37XX3mc9QOZWnrk=,YsojtCFMjNB2G/SxmfS+OsBPQkI=
42,17,e5UiVWeE17dN37XX3mc9QOZWnrk=,YsojtCFMjNB2G/SxmfS+OsBPQkI=
32,23,e5UiVWeE17dN37XX3mc9QOZWnrk=,YsojtCFMjNB2G/SxmfS+OsBPQkI=
33,23,e5UiVWeE17dN37XX3mc9QOZWnrk=,YsojtCFMjNB2G/SxmfS+OsBPQkI=
34,23,e5UiVWeE17dN37XX3mc9QOZWnrk=,YsojtCFMjNB2G/SxmfS+OsBPQkI=
47,22,e5UiVWeE17dN37XX3mc9QOZWnrk=,YsojtCFMjNB2G/SxmfS+OsBPQkI=
46,22,e5UiVWeE17dN37XX3mc9QOZWnrk=,YsojtCFMjNB2G/SxmfS+OsBPQkI=
45,22,e5UiVWeE17dN37XX3mc9QOZWnrk=,YsojtCFMjNB2G/SxmfS+OsBPQkI=
44,22,e5UiVWeE17dN37XX3mc9QOZWnrk=,YsojtCFMjNB2G/SxmfS+OsBPQkI=
43,22,e5UiVWeE17dN37XX3mc9QOZWnrk=,YsojtCFMjNB2G/SxmfS+OsBPQkI=
42,22,e5UiVWeE17dN37XX3mc9QOZWnrk=,YsojtCFMjNB2G/SxmfS+OsBPQkI=
35,23,e5UiVWeE17dN37XX3mc9QOZWnrk=,YsojtCFMjNB2G/SxmfS+OsBPQkI=
41,22,e5UiVWeE17dN37XX3mc9QOZWnrk=,YsojtCFMjNB2G/SxmfS+OsBPQkI=
36,23,e5UiVWeE17dN37XX3mc9QOZWnrk=,YsojtCFMjNB2G/SxmfS+OsBPQkI=
43,19,e5UiVWeE17dN37XX3mc9QOZWnrk=,YsojtCFMjNB2G/SxmfS+OsBPQkI=
41,16,e5UiVWeE17dN37XX3mc9QOZWnrk=,YsojtCFMjNB2G/SxmfS+OsBPQkI=
40,22,e5UiVWeE17dN37XX3mc9QOZWnrk=,YsojtCFMjNB2G/SxmfS+OsBPQkI=
44,19,e5UiVWeE17dN37XX3mc9QOZWnrk=,YsojtCFMjNB2G/SxmfS+OsBPQkI=
42,18,e5UiVWeE17dN37XX3mc9QOZWnrk=,YsojtCFMjNB2G/SxmfS+OsBPQkI=
39,22,e5UiVWeE17dN37XX3mc9QOZWnrk=,YsojtCFMjNB2G/SxmfS+OsBPQkI=
45,19,e5UiVWeE17dN37XX3mc9QOZWnrk=,YsojtCFMjNB2G/SxmfS+OsBPQkI=
46,19,e5UiVWeE17dN37XX3mc9QOZWnrk=,YsojtCFMjNB2G/SxmfS+OsBPQkI=
47,19,e5UiVWeE17dN37XX3mc9QOZWnrk=,YsojtCFMjNB2G/SxmfS+OsBPQkI=
38,22,e5UiVWeE17dN37XX3mc9QOZWnrk=,YsojtCFMjNB2G/SxmfS+OsBPQkI=
35,22,e5UiVWeE17dN37XX3mc9QOZWnrk=,YsojtCFMjNB2G/SxmfS+OsBPQkI=
34,22,e5UiVWeE17dN37XX3mc9QOZWnrk=,YsojtCFMjNB2G/SxmfS+OsBPQkI=
38,17,e5UiVWeE17dN37XX3mc9QOZWnrk=,YsojtCFMjNB2G/SxmfS+OsBPQkI=
32,22,e5UiVWeE17dN37XX3mc9QOZWnrk=,YsojtCFMjNB2G/SxmfS+OsBPQkI=
47,21,e5UiVWeE17dN37XX3mc9QOZWnrk=,YsojtCFMjNB2G/SxmfS+OsBPQkI=
46,21,e5UiVWeE17dN37XX3mc9QOZWnrk=,YsojtCFMjNB2G/SxmfS+OsBPQkI=
33,22,e5UiVWeE17dN37XX3mc9QOZWnrk=,YsojtCFMjNB2G/SxmfS+OsBPQkI=
37,22,e5UiVWeE17dN37XX3mc9QOZWnrk=,YsojtCFMjNB2G/SxmfS+OsBPQkI=
45,21,e5UiVWeE17dN37XX3mc9QOZWnrk=,YsojtCFMjNB2G/SxmfS+OsBPQkI=
40,16,e5UiVWeE17dN37XX3mc9QOZWnrk=,YsojtCFMjNB2G/SxmfS+OsBPQkI=
43,21,e5UiVWeE17dN37XX3mc9QOZWnrk=,YsojtCFMjNB2G/SxmfS+OsBPQkI=
44,21,e5UiVWeE17dN37XX3mc9QOZWnrk=,YsojtCFMjNB2G/SxmfS+OsBPQkI=
44,17,e5UiVWeE17dN37XX3mc9QOZWnrk=,YsojtCFMjNB2G/SxmfS+OsBPQkI=
41,18,e5UiVWeE17dN37XX3mc9QOZWnrk=,YsojtCFMjNB2G/SxmfS+OsBPQkI=
42,21,e5UiVWeE17dN37XX3mc9QOZWnrk=,YsojtCFMjNB2G/SxmfS+OsBPQkI=
40,17,e5UiVWeE17dN37XX3mc9QOZWnrk=,YsojtCFMjNB2G/SxmfS+OsBPQkI=
41,21,e5UiVWeE17dN37XX3mc9QOZWnrk=,YsojtCFMjNB2G/SxmfS+OsBPQkI=
40,21,e5UiVWeE17dN37XX3mc9QOZWnrk=,YsojtCFMjNB2G/SxmfS+OsBPQkI=
39,21,e5UiVWeE17dN37XX3mc9QOZWnrk=,YsojtCFMjNB2G/SxmfS+OsBPQkI=
32,20,e5UiVWeE17dN37XX3mc9QOZWnrk=,YsojtCFMjNB2G/SxmfS+OsBPQkI=
33,21,e5UiVWeE17dN37XX3mc9QOZWnrk=,YsojtCFMjNB2G/SxmfS+OsBPQkI=
33,18,e5UiVWeE17dN37XX3mc9QOZWnrk=,YsojtCFMjNB2G/SxmfS+OsBPQkI=
32,21,e5UiVWeE17dN37XX3mc9QOZWnrk=,YsojtCFMjNB2G/SxmfS+OsBPQkI=
47,20,e5UiVWeE17dN37XX3mc9QOZWnrk=,YsojtCFMjNB2G/SxmfS+OsBPQkI=
46,20,e5UiVWeE17dN37XX3mc9QOZWnrk=,YsojtCFMjNB2G/SxmfS+OsBPQkI=
36,21,e5UiVWeE17dN37XX3mc9QOZWnrk=,YsojtCFMjNB2G/SxmfS+OsBPQkI=
37,21,e5UiVWeE17dN37XX3mc9QOZWnrk=,YsojtCFMjNB2G/SxmfS+OsBPQkI=
39,18,e5UiVWeE17dN37XX3mc9QOZWnrk=,YsojtCFMjNB2G/SxmfS+OsBPQkI=
45,20,e5UiVWeE17dN37XX3mc9QOZWnrk=,YsojtCFMjNB2G/SxmfS+OsBPQkI=
38,21,e5UiVWeE17dN37XX3mc9QOZWnrk=,YsojtCFMjNB2G/SxmfS+OsBPQkI=
39,17,e5UiVWeE17dN37XX3mc9QOZWnrk=,YsojtCFMjNB2G/SxmfS+OsBPQkI=
44,20,e5UiVWeE17dN37XX3mc9QOZWnrk=,YsojtCFMjNB2G/SxmfS+OsBPQkI=
39,16,e5UiVWeE17dN37XX3mc9QOZWnrk=,YsojtCFMjNB2G/SxmfS+OsBPQkI=
43,20,e5UiVWeE17dN37XX3mc9QOZWnrk=,YsojtCFMjNB2G/SxmfS+OsBPQkI=
36,20,e5UiVWeE17dN37XX3mc9QOZWnrk=,YsojtCFMjNB2G/SxmfS+OsBPQkI=
37,20,e5UiVWeE17dN37XX3mc9QOZWnrk=,YsojtCFMjNB2G/SxmfS+OsBPQkI=
38,16,e5UiVWeE17dN37XX3mc9QOZWnrk=,YsojtCFMjNB2G/SxmfS+OsBPQkI=
38,20,e5UiVWeE17dN37XX3mc9QOZWnrk=,YsojtCFMjNB2G/SxmfS+OsBPQkI=
40,20,e5UiVWeE17dN37XX3mc9QOZWnrk=,YsojtCFMjNB2G/SxmfS+OsBPQkI=
35,21,e5UiVWeE17dN37XX3mc9QOZWnrk=,YsojtCFMjNB2G/SxmfS+OsBPQkI=
34,20,e5UiVWeE17dN37XX3mc9QOZWnrk=,YsojtCFMjNB2G/SxmfS+OsBPQkI=
34,21,e5UiVWeE17dN37XX3mc9QOZWnrk=,YsojtCFMjNB2G/SxmfS+OsBPQkI=
33,20,e5UiVWeE17dN37XX3mc9QOZWnrk=,YsojtCFMjNB2G/SxmfS+OsBPQkI=
36,22,e5UiVWeE17dN37XX3mc9QOZWnrk=,YsojtCFMjNB2G/SxmfS+OsBPQkI=
37,27,e5UiVWeE17dN37XX3mc9QOZWnrk=,YsojtCFMjNB2G/SxmfS+OsBPQkI=
39,20,e5UiVWeE17dN37XX3mc9QOZWnrk=,YsojtCFMjNB2G/SxmfS+OsBPQkI=
35,20,e5UiVWeE17dN37XX3mc9QOZWnrk=,YsojtCFMjNB2G/SxmfS+OsBPQkI=
42,20,e5UiVWeE17dN37XX3mc9QOZWnrk=,YsojtCFMjNB2G/SxmfS+OsBPQkI=
41,20,e5UiVWeE17dN37XX3mc9QOZWnrk=,YsojtCFMjNB2G/SxmfS+OsBPQkI=
41,17,e5UiVWeE17dN37XX3mc9QOZWnrk=,YsojtCFMjNB2G/SxmfS+OsBPQkI=
40,18,e5UiVWeE17dN37XX3mc9QOZWnrk=,YsojtCFMjNB2G/SxmfS+OsBPQkI=
